http://localhost/images/14b70a45-32d7-44c3-9264-601998d7ea65;2358;cat6;cat3;cat4;cat5;cat8;cat10;cat9
http://localhost/images/f0cfe27f-dcc7-434d-bcdd-282a1ba03fb5;2333;cat3;cat1;cat6;cat7;cat10;cat8
http://localhost/images/38cbcb16-d537-45e9-b91c-6c7ed8352025;1439;cat2;cat6;cat3;cat9
http://localhost/images/e58f6711-be79-499d-ac93-cd04f13f133c;853;cat9;cat10;cat2
http://localhost/images/692796e0-8ef8-4e6e-8fe6-d059012eb164;2904;cat7;cat6;cat2;cat8;cat1
http://localhost/images/853e6468-73b0-4b48-bf0a-69d027de00e1;113;cat4;cat3;cat5;cat10;cat9;cat6;cat2;cat1;cat7
http://localhost/images/d0edf903-5f3b-4bfe-b193-3950f2fd0414;1519;cat6;cat1;cat4;cat3;cat2
http://localhost/images/73d68452-b7c6-49e2-bc98-a88f41a5834b;2378;cat1;cat7;cat6;cat2;cat5
http://localhost/images/751cf1fd-8cf1-4447-bc41-1bff70c3bd30;397;cat2
http://localhost/images/9a51232c-374b-4c07-9732-571a50b2e2b8;1677;cat5;cat6;cat9;cat7;cat1;cat2
http://localhost/images/17333f12-35f5-468e-843c-6846cf23cf4b;840;cat9;cat10;cat1;cat8
http://localhost/images/d754c1bc-5848-4357-bc9c-f1364d499917;1476;cat10;cat7;cat5;cat4;cat1;cat6;cat3;cat9
http://localhost/images/e0679b62-d89c-4902-a625-c050bc1f23dd;161;cat4;cat8;cat9;cat10;cat1;cat6;cat2;cat3
http://localhost/images/efd5de4e-60f8-4f4f-812e-7c5d40d67d0b;2055;cat2;cat8;cat6;cat10;cat9;cat3;cat5
http://localhost/images/6ba1357c-b555-4541-a056-3cfa7ad3dd9b;1917;cat2;cat1;cat10;cat5;cat6;cat7;cat3;cat9
http://localhost/images/a37450ec-e285-4a53-b554-4d28e2a5db3a;1086;cat6;cat8;cat7;cat5;cat10;cat9;cat4;cat1
http://localhost/images/3136d41c-c235-467b-956e-4a0c54af8b63;2282;cat7;cat2
http://localhost/images/f741ab6f-4714-4ed8-a49f-2948e89ee2e8;1030;cat10;cat9
http://localhost/images/ff8ea726-91ea-47e0-aa8a-8672994018bf;1023;cat3;cat7;cat10
http://localhost/images/0b89b1ce-385c-40da-b013-28662a7bcbc7;941;cat10;cat6;cat4;cat2;cat1
http://localhost/images/9efe1058-4250-4268-858d-72d5d8b5786c;226;cat4;cat2;cat7;cat5;cat10;cat6;cat1
http://localhost/images/32242477-3f60-4a12-b485-3a5d3ccbe38c;1114;cat4;cat8;cat2;cat5
http://localhost/images/f25edee8-ea0d-4a31-b81d-b41efc5d4ab2;2409;cat10;cat7;cat3;cat2;cat4
http://localhost/images/3305ba48-647d-4c6a-a628-e3725206fd41;490;cat2
http://localhost/images/fdf13d86-d573-4f7e-9f3b-a9b80105bf9f;393;cat7;cat2;cat4;cat1
http://localhost/images/c169d6cc-0046-48c9-87f7-9291b3fa7640;967;cat4
http://localhost/images/51b3966b-0a85-4e21-b1b5-9112a1fbbec7;1170;cat10;cat2
http://localhost/images/8440c48e-f472-4a4c-9d5a-c7409a0142c5;800;cat7;cat1;cat6;cat9
http://localhost/images/e33603b0-4e76-4327-8509-c2b90b3f5895;2115;cat3;cat10;cat6;cat4;cat2
http://localhost/images/e95b0cf0-42fc-4984-8a0c-38c05fd2c8d8;1011;cat3;cat9
http://localhost/images/08937b7d-f6f1-4296-81b4-f85a6e926fd2;1667;cat1
http://localhost/images/ecd81ca1-f2f0-4e0d-96f1-344dbe85cef3;503;cat3;cat6;cat1;cat9;cat2;cat4;cat10;cat5;cat7
http://localhost/images/a9f0dba6-24d3-43cb-9555-6a2778905209;2404;cat6;cat4;cat2;cat10;cat8;cat9;cat5
http://localhost/images/0b09a387-4fac-479a-91d2-0b6f71e5977e;1247;cat6;cat1;cat9;cat2;cat10;cat5;cat8;cat3;cat7
http://localhost/images/4150941c-f486-4f14-b03c-66883fdcf0fb;2973;cat1;cat5;cat3;cat9;cat7;cat2;cat10
http://localhost/images/3a9f7579-b358-4781-a353-6819ff814bf7;107;cat2;cat7
http://localhost/images/ab01779c-e858-4e0e-a737-4fbcdcfd676c;710;cat4;cat1;cat10;cat9
http://localhost/images/939fda5e-a0d2-4513-97d4-865ebee4aaa8;2305;cat8;cat1
http://localhost/images/432f491e-ee1c-42fe-a34c-fdf724393407;1862;cat3;cat9;cat10;cat5;cat2;cat8
http://localhost/images/8e54ada1-0f7e-42f4-8d15-90a916862270;895;cat8;cat5;cat1;cat2
http://localhost/images/473a4fc0-de09-437b-b1e9-8dea3d389579;2134;cat9;cat7;cat8;cat2
http://localhost/images/1c59fa2c-e0ac-42a5-87a8-a6ffa080f3d8;1467;cat7;cat9;cat8;cat5;cat10;cat1
http://localhost/images/05316945-cd69-457f-b6e5-79edd11774f4;788;cat8;cat3;cat2;cat10;cat1;cat7;cat9
http://localhost/images/c263b8ef-3cf7-4a8a-b783-553c3f6cdbce;557;cat2
http://localhost/images/e899f532-8d79-4a71-bbf5-fb7cd7b26414;1536;cat2;cat7;cat10;cat6;cat4;cat8;cat9;cat3
http://localhost/images/b3aa3dd9-84c2-4838-8952-ba0669a70891;197;cat3;cat6;cat2;cat8;cat4;cat7;cat10;cat1
http://localhost/images/a1ad7a86-e4b5-422e-81d0-d2dcdf249afa;1772;cat5;cat9;cat1;cat3;cat10;cat8;cat6;cat4
http://localhost/images/80898721-0611-4e9b-913c-7f2a88777228;2804;cat2;cat1;cat7;cat8;cat9;cat5;cat10;cat6;cat4
http://localhost/images/72bf22c4-db1c-40ad-80f6-7673301d4bed;133;cat8;cat1;cat3;cat5;cat2;cat10;cat7;cat9;cat6
http://localhost/images/dc896865-7e61-4069-a110-35a6191c21a7;2499;cat10;cat2;cat8;cat3;cat9;cat4
http://localhost/images/5680dad1-e072-4f1b-b797-f7189ac00dd6;1661;cat9;cat6;cat7;cat1
http://localhost/images/1d79d88a-6ba7-4664-9315-e67d0a6e1541;2490;cat8;cat10;cat1
http://localhost/images/1e82b265-4dc5-49e1-ba09-a285270d2e77;2484;cat10;cat8;cat4;cat2;cat7;cat3;cat6;cat5;cat1
http://localhost/images/bca7b066-d2c1-400e-8b6f-3b5d7b95de7b;1009;cat7;cat2;cat9;cat1
http://localhost/images/8b723df9-57aa-4d4e-9750-12c2d58a459c;715;cat4;cat7;cat6;cat9
http://localhost/images/83134215-aa1f-4e54-9a2e-93d046577a46;2162;cat2
http://localhost/images/5e9a9035-282e-4b96-908b-bce38103314f;905;cat3;cat4
http://localhost/images/2e1c3657-c5e7-48a4-a58e-99a6451ee189;1192;cat8;cat10;cat5;cat6
http://localhost/images/1125711d-0004-451f-a064-ae9afe388f41;842;cat10
http://localhost/images/a5c660ed-3631-45d4-b9a9-423126d3b2dc;2580;cat10;cat1;cat9;cat7
http://localhost/images/534bd553-712b-4eb5-b339-c9f4727da641;2264;cat1;cat7
http://localhost/images/a45376e9-b0d2-4b9f-a769-67c5969e7b3c;2191;cat3;cat10;cat5;cat2
http://localhost/images/ef2c6b0f-0e8e-457c-a7ba-8fe9593c38ff;1940;cat1;cat6;cat7;cat3
http://localhost/images/69b67ad2-b483-4df0-a733-7b8a936182d6;2075;cat1;cat4;cat5;cat10;cat9;cat2;cat8;cat7
http://localhost/images/52d502e3-4da7-468c-a4e3-4f39a2f11b20;2660;cat1;cat6;cat7;cat3
http://localhost/images/8face9c4-dd7a-4098-9c36-50cd37a7afae;841;cat3;cat1;cat10;cat4;cat2;cat9;cat5
http://localhost/images/d046ef79-ca44-451b-9fa7-7e5631adc2cb;269;cat2;cat9;cat4;cat1;cat5;cat3;cat10;cat7;cat6
http://localhost/images/a6f817f3-ed99-4221-ab88-53f91b4ec079;609;cat6;cat7;cat4;cat8;cat9
http://localhost/images/98de9b83-fc14-4213-891a-86e045a8d14a;2961;cat6;cat9
http://localhost/images/aebe2257-60cc-4084-86bb-2d66db819e22;1371;cat2
http://localhost/images/0427b76f-b03c-4699-bb5b-380911e4b9a4;2223;cat5;cat3;cat8;cat6;cat2;cat10
http://localhost/images/e74c7820-7f9b-4804-a8ae-8fd6f2f27a5d;2537;cat3;cat5;cat9;cat8;cat10
http://localhost/images/012d17ad-f148-4ab7-beb1-55586f443aa6;1838;cat4;cat2;cat5;cat8;cat3;cat1;cat6;cat10
http://localhost/images/403f713c-0928-4626-bd40-779742ba5d6a;1432;cat7;cat9;cat5;cat4;cat1;cat3
http://localhost/images/bdcacadf-438f-48ed-aae4-c3f26731260b;1839;cat7;cat8;cat10;cat3;cat9;cat4
http://localhost/images/637929ea-8f31-42e5-9df9-89754c8e6f19;1699;cat10;cat7;cat6;cat4
http://localhost/images/be2898b1-76cf-4bf7-984d-13da8c62e099;1185;cat4;cat2;cat3;cat1;cat7
http://localhost/images/cafb0699-534c-405e-8dcf-c9c9246dc641;447;cat3;cat9;cat2;cat7
http://localhost/images/eb238a04-1140-43c5-a188-45a7e5760e63;2251;cat10;cat5;cat7;cat4;cat6;cat2;cat3;cat8
http://localhost/images/76ed76f6-3e55-46de-ad91-28f7b1459990;1670;cat2;cat6;cat5;cat10;cat4;cat8
http://localhost/images/3c322a75-f614-4355-948c-d222cbf66085;1394;cat6;cat10
http://localhost/images/bc93b5d7-13c9-4831-9c9a-73ebea3b50c3;1791;cat4;cat2
http://localhost/images/e71a4007-6a5b-4924-8b72-4baf4c0258fe;2775;cat9;cat7;cat5;cat1;cat10;cat4;cat6;cat8;cat2
http://localhost/images/d11a53de-c88c-4dff-9f64-63f811e87002;857;cat6;cat2;cat3
http://localhost/images/bb060a36-569a-47db-943d-7bbc4c98a76e;1096;cat6;cat3;cat10;cat4;cat9
http://localhost/images/c27a5b2c-4c94-47f8-9deb-49568a8f006b;423;cat10;cat7
http://localhost/images/f5e57466-f4dc-4402-9d00-19cb828cf020;1296;cat1;cat7;cat6;cat4;cat9
http://localhost/images/250bd9c0-8403-4d95-8f72-046adc78e974;612;cat3;cat8
http://localhost/images/a5f29903-28a2-42f5-967c-c2505c678d59;349;cat10;cat6;cat7;cat4;cat8
http://localhost/images/0568529e-f3d5-49ce-9cca-36e15f9d50c0;1028;cat7;cat2;cat5;cat1;cat6
http://localhost/images/194083d7-bf92-46f8-95d1-2c2d7e25051b;1980;cat9;cat2;cat3;cat10;cat7;cat8
http://localhost/images/6588d446-cff7-4846-bdeb-d603afb2280b;2799;cat2;cat9;cat5
http://localhost/images/4444a348-b9bc-4f6d-af80-87ae2a452ed3;1129;cat9;cat3;cat1;cat10;cat4;cat8;cat2;cat7;cat5
http://localhost/images/9071ec0f-1bd7-4001-a542-cb30a34909e0;1674;cat2;cat6
http://localhost/images/c755bef0-0973-4794-bb26-aac4bf3464b1;234;cat10;cat4;cat9
http://localhost/images/d503d69b-9614-4257-aba7-fd64e93b01cd;1529;cat3;cat7;cat9;cat2;cat10;cat6
http://localhost/images/b91c5b9a-4350-4bec-8ac1-38f945c9de83;612;cat1;cat3;cat10;cat5;cat9;cat8
http://localhost/images/e1024854-3622-45ab-8d88-21ffe5ab64e3;987;cat1;cat2
http://localhost/images/e723c3d2-3a8c-433e-901d-84cf1723d1c0;1970;cat8
http://localhost/images/ed8095fb-257e-4f76-bec0-fd60af20b6a4;2615;cat10;cat3;cat5;cat2;cat7;cat4
http://localhost/images/f2a9f271-3e96-4c90-968a-3963aaaab551;2739;cat8;cat10;cat9;cat5;cat6;cat4;cat1
http://localhost/images/7a77646d-a558-4f2e-b011-f7570f408d35;236;cat5;cat10;cat9;cat6;cat8;cat2;cat1
http://localhost/images/ae87b3ba-c9c5-4fbf-8bdd-755483d774e7;1379;cat7;cat9;cat2
http://localhost/images/0bff671d-8792-4570-95b5-a6bec40fc87f;1945;cat3;cat6;cat10;cat1;cat9;cat7
http://localhost/images/66235c7e-2d32-4ad6-a634-fb8a5b836d50;2656;cat10;cat6;cat9;cat1;cat8
http://localhost/images/634d4efc-6047-4449-8cd8-93c8f508748a;2130;cat10;cat4;cat2;cat7
http://localhost/images/bbd7d85b-332b-49c6-a858-d03c87f29d0c;2801;cat9
http://localhost/images/335be6d6-d0e8-4e26-a988-e1ad5823fb9e;1875;cat8;cat7;cat6;cat3
http://localhost/images/a480178d-6fa9-4068-bf02-2c88ca4819e2;737;cat4;cat2
http://localhost/images/ffb42a56-fce0-4bee-b325-ba5f0c1c38b1;560;cat8;cat9;cat10;cat5;cat4
http://localhost/images/36663a6b-a252-43dc-9881-fef7294e75b3;404;cat8;cat3;cat7;cat10;cat5;cat9
http://localhost/images/dff609e1-e62d-482c-b07d-70c420c7c00d;172;cat1;cat9;cat2;cat5;cat10
http://localhost/images/6b1c2ca0-b583-4201-ab30-3208fb534a1d;2276;cat5;cat1
http://localhost/images/57b18018-475c-478a-8cda-dd2f2d52cf88;467;cat9;cat5;cat1;cat4;cat2;cat3
http://localhost/images/ea5bde5f-9b68-45ff-82ab-be6f1b9c1784;2739;cat7;cat2;cat8;cat6;cat3;cat1;cat4;cat9
http://localhost/images/a7cbc8fb-5ee7-4799-bec2-8acdc3181d15;1377;cat8;cat5;cat7;cat4;cat3;cat6
http://localhost/images/d5df9530-59ec-4ac7-9707-e266cdb47ede;1348;cat2;cat9;cat1;cat3;cat6;cat8
http://localhost/images/c42409b0-ea0f-48fc-bfd0-52145479f12b;176;cat10;cat6;cat9;cat2;cat8;cat7;cat1
http://localhost/images/287cf929-3b04-4059-8e24-ea8399e14e07;1804;cat4
http://localhost/images/469dad74-80cb-43e6-8134-b1aaa52f5b8d;734;cat9;cat4;cat5;cat1;cat6;cat2
http://localhost/images/65ec2a08-294e-4f13-9834-547a58888914;1872;cat8;cat9;cat7;cat10;cat1;cat2;cat4
http://localhost/images/3682fb0a-d111-4f56-8220-75a805076060;609;cat5;cat1;cat3;cat10
http://localhost/images/db6c79b5-d981-4b80-bfc6-81602c7695ea;1847;cat4;cat6;cat9;cat8;cat10;cat7;cat3;cat1
http://localhost/images/7a28cb3d-4dba-4a3f-a332-875ed695d3e9;2888;cat4;cat2;cat5
http://localhost/images/d5a3e953-9f2f-44a7-a60b-bab04ffdfcba;1374;cat6
http://localhost/images/4af605e4-993a-45ba-baf7-11456aebdbc9;2084;cat8;cat1;cat3;cat4;cat5
http://localhost/images/891b094b-aafa-4d0a-8629-10721b640312;845;cat4;cat9;cat5;cat3;cat6;cat8;cat7;cat2
http://localhost/images/097da024-f361-4e80-a008-acc95992a36f;487;cat9;cat4;cat8;cat3;cat1;cat2;cat7;cat5
http://localhost/images/8b3e8ccb-b50d-43bd-a2b5-e71e4078c79c;1898;cat3;cat5;cat1;cat7
http://localhost/images/fe333581-e9a8-46ad-9175-fd171ed9ec02;2949;cat4;cat6;cat7;cat9;cat8
http://localhost/images/29ef4773-9fab-498d-9c49-55ae0011a01e;1637;cat7;cat9
http://localhost/images/3cfa4cc8-c228-4394-836a-dbed8594292c;931;cat4;cat7;cat3;cat10;cat2;cat8;cat9;cat6;cat1
http://localhost/images/12dee7ab-fa67-4549-9bc0-18c4e6ef7931;1652;cat1;cat7;cat5;cat6;cat10
http://localhost/images/ae6aac19-73be-454f-8899-7cf1ac63d54a;991;cat2;cat6;cat7;cat1;cat4;cat5
http://localhost/images/4fcef7fe-dc94-49cd-8ab2-532632e6e1e9;153;cat1;cat7;cat3
http://localhost/images/993c169c-3f60-4ee2-9651-d0128d1d34ff;2658;cat10;cat4;cat3;cat8;cat7;cat9;cat5
http://localhost/images/75d73110-c8f0-4ebe-bb5c-0d9ed6d45a61;120;cat1;cat4;cat2;cat5;cat10
http://localhost/images/f41c4db4-310d-4858-8d88-a49f89100d03;1861;cat6;cat5;cat1
http://localhost/images/adadfd9e-7a5a-46a1-af61-ca85dfffdf3e;253;cat5;cat7;cat9;cat3;cat1;cat10;cat8
http://localhost/images/37e3af4c-2551-480b-877f-219a0230b663;2431;cat8;cat2;cat4;cat10
http://localhost/images/93943bbf-6b40-421d-a745-b5204018a665;1200;cat5
http://localhost/images/319f3e74-5cb6-4c3d-85b4-5418116b52b5;2228;cat5;cat8;cat7;cat9;cat3;cat2
http://localhost/images/f1898323-22bb-4d83-a57f-5a76e1532b47;1529;cat9;cat2;cat6;cat1;cat5;cat4;cat7;cat10
http://localhost/images/ec88a110-c55d-409a-a47d-a0faffb4ceb4;2480;cat9;cat1;cat7;cat3;cat4
http://localhost/images/c55c4a64-4cb1-4f81-a498-43264b4550a7;1383;cat3;cat1;cat8;cat6;cat9;cat2;cat10;cat4;cat5
http://localhost/images/f1633f34-ff9b-4e3e-9f42-b4d4a85ff423;799;cat1;cat4;cat7;cat2;cat6
http://localhost/images/f76b34af-c403-4583-a320-3c3fd96a458b;1995;cat10;cat2;cat7;cat6;cat1;cat9;cat8
http://localhost/images/f62ffde1-e3d4-48db-a074-1fe32f89ee49;1691;cat10;cat2;cat9
http://localhost/images/950eedba-2119-4636-a574-d066f4c12c7b;2609;cat7;cat10;cat8;cat5;cat6;cat2
http://localhost/images/8b79c4cf-43c9-4901-98f4-dadffd82a75c;1752;cat1;cat9;cat3;cat6;cat7;cat10;cat2;cat5
http://localhost/images/36fe144e-1808-455b-bfe3-dd306e1fae72;812;cat6;cat10;cat3;cat4;cat8
http://localhost/images/d16308df-4ea6-4320-b152-8942d17b8651;1721;cat7;cat3;cat4;cat6;cat9;cat2;cat1;cat8;cat5
http://localhost/images/01e165b4-2af0-49ea-bdb1-1d1c27d144d7;586;cat5;cat1;cat3;cat9
http://localhost/images/de713d17-4158-4555-82e0-b015d51c3263;1878;cat10;cat4;cat3
http://localhost/images/fb6f7c74-07ce-4b9f-b866-97478b6e6da5;2886;cat3;cat4;cat5;cat7
http://localhost/images/147e9fa7-9400-4c4f-ae88-fa9bd08b1e7f;1185;cat3;cat10
http://localhost/images/5d018321-dd84-4055-a9ed-562084a546ad;1635;cat6;cat8;cat3;cat9;cat5
http://localhost/images/de7c9a65-2c28-4397-9377-f29dafa90075;298;cat2;cat4;cat8;cat6;cat1;cat10;cat5
http://localhost/images/3cac6f8d-aff1-4d6d-8825-f1d087a8b758;1777;cat6
http://localhost/images/49ff84e3-1cc2-449c-8d1b-4613d86fcfa6;2825;cat4;cat8;cat1;cat7;cat6;cat2;cat3
http://localhost/images/32d712f8-9329-46a6-83fc-f73631140406;654;cat1;cat10;cat3
http://localhost/images/0e9ad426-42f1-411d-803f-f8812143b309;1601;cat1;cat6;cat5;cat7;cat9;cat2
http://localhost/images/f545bbc8-1f29-4cb9-8263-231ecc5a058b;456;cat6;cat3;cat2;cat8;cat1
http://localhost/images/4b515917-daec-4f9a-a986-839b55766d4e;2578;cat5;cat7;cat2;cat9
http://localhost/images/5ed00540-8200-455f-b831-497d9bb03e41;2806;cat5;cat9;cat7;cat4;cat1;cat10;cat3;cat2
http://localhost/images/c62f617c-957e-40ac-a303-72fab1782acb;2781;cat5;cat10;cat2;cat7;cat9;cat8;cat4
http://localhost/images/3255e19f-6c3f-40ed-8801-b5ea6f166f1f;1941;cat8;cat4;cat9;cat10;cat6;cat2;cat7;cat3
http://localhost/images/46625005-ab44-41a1-b2df-26fd091927c0;1104;cat2;cat4
http://localhost/images/899c6cd4-821b-4c6a-872e-7ba385385b06;2581;cat3;cat5;cat10;cat2;cat6;cat1
http://localhost/images/fde6f3d4-0aab-4712-9893-20cbe764c122;2961;cat4
http://localhost/images/7483304c-d865-449a-b6af-eb66110b8dbe;1462;cat1;cat4;cat9;cat8;cat5;cat6;cat10;cat3;cat7
http://localhost/images/808aaa52-1045-4e2c-8155-653334b841de;2917;cat5;cat10;cat4;cat3;cat1;cat7
http://localhost/images/ad2b6e9c-7352-4dee-b3ab-3a00063ad78e;329;cat10;cat7;cat5;cat8;cat3;cat6;cat2;cat9
http://localhost/images/368b6f4b-f647-4424-820e-1d1e3eb65061;1062;cat2;cat7;cat4;cat1;cat9
http://localhost/images/0c2af03a-d830-4433-9fa9-0bbe75243d2c;2213;cat8
http://localhost/images/ae228ec5-efb5-491e-bfd7-9ea8e98e02d1;1167;cat1;cat5;cat9;cat7;cat10
http://localhost/images/8dc9488b-caf8-4a9e-b6b9-7ef57fa8a03d;1211;cat8;cat6;cat3;cat7;cat5;cat4;cat9
http://localhost/images/32c9473c-d668-4934-8907-b9b1c5682a5f;1445;cat7;cat2
http://localhost/images/50babe6f-83b0-447f-8589-7af82bfca767;1078;cat2;cat3;cat7;cat4;cat10
http://localhost/images/fb0e62d0-707d-413d-bfe0-b282dd443287;2713;cat10;cat9;cat7;cat1;cat6;cat4
http://localhost/images/031c5d94-3cb7-478c-bf53-d7a446b667f5;1103;cat9;cat6;cat8;cat3
http://localhost/images/f6506a96-05b8-4bf0-ae2e-13f9c7302d95;2138;cat8;cat4;cat2;cat10;cat1;cat6;cat9;cat5;cat7
http://localhost/images/960baff1-bd8f-4fe8-ae39-c4a99b1b5d2b;1043;cat9;cat7;cat6
http://localhost/images/609dadf9-3c01-4708-b942-14840cb341f1;1207;cat8;cat9;cat10;cat3;cat5;cat6
http://localhost/images/8df395ff-038f-4d91-ac49-e225ea8b72e3;553;cat5;cat3
http://localhost/images/8d5c0047-7f91-404b-8657-e9281fa70485;814;cat2
http://localhost/images/adf7fb06-3125-4983-bdb8-4ccc1760cd37;1327;cat10;cat2;cat8;cat5;cat9
http://localhost/images/5cbb26af-1d36-4646-a0cd-a132e89d5084;1335;cat7;cat10
http://localhost/images/84942bbf-5db8-4dbc-9af4-17ea142b9ddf;2962;cat1;cat9;cat7;cat3;cat2;cat8
http://localhost/images/5b875687-ec83-45e9-acd1-b61e549303e5;2278;cat8;cat6;cat9
http://localhost/images/08061442-75ad-4d94-96b1-4db97710f485;1442;cat10;cat4;cat3;cat5
http://localhost/images/948c0c0b-b4d6-4b64-b40a-2d5d3889bb2c;1488;cat9;cat5;cat7;cat6;cat1;cat8
http://localhost/images/ae63e36b-617d-4651-9d01-8c70c506652b;551;cat4;cat7;cat5;cat3;cat9;cat8;cat2
http://localhost/images/622307ec-9476-4426-b209-d9f41d24f66b;662;cat10
http://localhost/images/74db7eee-931c-4569-9b72-caf6a603d558;2695;cat8;cat5;cat2;cat1;cat7;cat10;cat3
http://localhost/images/017b433b-245b-4ab1-b497-df41d817bad3;1163;cat4
http://localhost/images/84e356af-4733-49cc-9f23-45af3a762a57;604;cat2
http://localhost/images/53325763-4697-4b18-930d-8a0c797f5dbe;2838;cat3;cat1;cat9;cat7;cat6;cat4;cat8;cat10;cat2
http://localhost/images/f40271ba-fbc1-4455-ad7e-961a1266a508;2009;cat9;cat5;cat1;cat8
http://localhost/images/1413620c-aa20-4980-9d0a-268d3704a8c1;2943;cat1
http://localhost/images/08bcb5eb-9f23-4730-8088-dde0756d06c0;1643;cat3;cat9;cat5;cat4;cat7
http://localhost/images/5fb2f6a9-3cdb-43d3-87a9-e73ec7b9ce03;1827;cat1;cat2;cat4;cat10;cat6;cat7
http://localhost/images/891ffce9-fc9e-4616-b176-aac4657c9c3b;1940;cat5;cat7;cat4;cat10
http://localhost/images/58f217e9-488b-432b-bef7-ce4a6930264e;2261;cat2;cat9;cat3;cat8;cat10;cat1;cat6;cat5;cat4
http://localhost/images/c166fb68-bee3-46a6-99d3-83a03afac702;2438;cat4;cat10;cat5;cat3;cat9
http://localhost/images/5016c3c2-7f9d-42a6-aa49-ce3efec1dbcd;2360;cat10;cat1;cat9
http://localhost/images/cb7409fb-8cdc-4a49-9f73-4be681c46704;858;cat3;cat6;cat10;cat7;cat2
http://localhost/images/378001df-23b8-4c86-b9c4-da4a345bdb2a;987;cat1;cat6;cat7;cat9;cat8;cat2;cat4
http://localhost/images/cee738a6-eb54-4673-a922-af3bf650d9ab;2902;cat1;cat6;cat4;cat2;cat10;cat7
http://localhost/images/f306daf7-d5a4-4802-9d4a-5e7e7dbdc75d;312;cat9;cat10;cat2;cat4;cat8;cat7;cat6;cat3
http://localhost/images/f32a1ce7-6e17-4973-a5b1-b822872930d3;2624;cat6;cat3;cat7;cat2
http://localhost/images/ee164355-0e1c-465b-8a88-afdefac227f7;535;cat8;cat9
http://localhost/images/6e49914e-25ba-41b1-a5c5-4df242b0456d;866;cat8;cat1;cat10;cat9;cat2;cat5;cat6;cat4
http://localhost/images/3796e728-5164-487d-ab4e-4309c9b2e86a;1324;cat5;cat4;cat1;cat2;cat9;cat3;cat8;cat6
http://localhost/images/c47d1f60-b073-44c2-8b92-b0e7b1c02988;2518;cat7;cat2;cat1;cat10
http://localhost/images/7d6d6ee6-f6c4-4140-a350-7d548b8b9d15;2726;cat10
http://localhost/images/3b92a398-b387-49f3-9257-7cd75cb53399;686;cat5;cat6;cat9;cat7;cat10
http://localhost/images/51c2a4f3-4f75-447e-976a-40c005ab8b0a;883;cat1;cat5;cat3;cat9;cat2;cat10
http://localhost/images/d14d622e-42b5-4783-9044-1732dc5a7496;2621;cat1;cat7;cat8
http://localhost/images/a650fe26-9f59-4450-a0ef-4f45aa8806d8;1718;cat4;cat10;cat2;cat1;cat7;cat8;cat9;cat3;cat6
http://localhost/images/bf085f88-23b5-488d-a1f3-14bd895f13c6;885;cat6;cat10;cat2;cat9;cat4;cat1;cat8;cat3
http://localhost/images/54e665b6-1214-484e-9341-d5e1901ef476;2491;cat7;cat3;cat6;cat10;cat9;cat1;cat2;cat8
http://localhost/images/a6b3ce07-4467-4595-9d62-a74d3b2e9c8f;2918;cat9;cat3;cat6
http://localhost/images/57cb36c7-7933-49b1-a631-9bec1da6730d;1030;cat2
http://localhost/images/601d70a1-fa45-4fca-b1b3-7350348ed53a;2337;cat10;cat7;cat6;cat5;cat2
http://localhost/images/2fca5a50-cd34-42e3-8ce5-bb255b82a588;1234;cat2
http://localhost/images/42eb6514-51f5-44a2-9331-ffa332397810;1443;cat10;cat9;cat3;cat4;cat5
http://localhost/images/06519ce4-ed7d-44b1-91d0-907bb0a4cf92;608;cat2;cat10;cat6;cat1;cat4;cat3
http://localhost/images/eefcd3b1-4f67-43ac-9581-976199ef0fe1;608;cat1;cat10;cat7
http://localhost/images/617c81cb-e70f-48d2-93cd-10abb3e9ad7f;1298;cat3;cat10;cat2;cat1;cat5;cat8;cat7
http://localhost/images/6747fac8-2de4-4c5b-97f9-1d69c9400952;1536;cat7;cat2;cat4;cat8;cat9;cat5;cat3;cat10;cat1
http://localhost/images/e2c18f0e-c623-49a1-84d6-196bb31769e6;1311;cat4;cat3;cat5;cat10;cat9;cat1;cat8;cat7;cat6
http://localhost/images/c488aa0a-2cde-425f-8b05-5e868859fb40;541;cat7;cat8
http://localhost/images/8b0b8f84-4e10-4dca-aabe-7677e6d73fa7;1308;cat8;cat9
http://localhost/images/91a0817b-d301-49d0-ae42-9fcd3be1cd0c;644;cat4;cat8;cat9;cat6
http://localhost/images/4df816ba-a207-4e3a-97ae-0159ff1440ae;2799;cat7;cat4;cat1;cat9
http://localhost/images/6ee05c2a-ba93-4017-90b3-3f73eab4d264;478;cat10;cat2;cat6;cat5;cat1
http://localhost/images/93f74bff-a087-4fa8-b86a-f7dd01c3782a;1215;cat9;cat1;cat10;cat7;cat2;cat5;cat8
http://localhost/images/6a342705-4e2e-4188-b241-31dffbaa1719;1118;cat8;cat7;cat10
http://localhost/images/00e61ce5-aa86-4283-a521-0c9428607f93;1142;cat1;cat4;cat9;cat3
http://localhost/images/a94638bf-c2ab-499a-9095-7b8be7578d91;2658;cat3;cat5;cat8;cat2;cat4;cat6;cat10;cat7;cat1
http://localhost/images/6ec66cb9-b935-4676-b915-80b7b62a0160;1009;cat6;cat5;cat7;cat1;cat2;cat8
http://localhost/images/2b1569ce-957b-4247-ba42-f2d7ed9bb8aa;1705;cat5;cat7;cat6;cat2;cat4;cat8;cat3;cat9
http://localhost/images/e8165911-7fea-41fb-b54f-db86642283fd;2259;cat6
http://localhost/images/f257311e-efb3-4f82-840e-394eb78df28c;1088;cat3;cat7;cat2;cat5;cat8
http://localhost/images/adb98d3f-3f06-46a3-8146-0836d624bc3f;1136;cat5;cat10;cat1;cat3
http://localhost/images/681c6412-0a31-4aba-a982-d0db23cc9b5d;2780;cat6;cat2;cat7;cat9;cat10;cat1;cat3
http://localhost/images/69bd995e-981e-4727-bc11-3cf467221cc6;661;cat10;cat7;cat8;cat6;cat3;cat4;cat5
http://localhost/images/df728780-f6f7-432d-9952-e846570668f6;159;cat7;cat10;cat6;cat2;cat8
http://localhost/images/9d7bb051-16bb-4f35-894d-d11d05414a97;2050;cat5;cat8;cat6;cat2;cat10;cat4;cat1;cat7
http://localhost/images/eeaf04e9-227f-4dad-8fd3-67a108b604c0;1477;cat4;cat10;cat9;cat5;cat3;cat7;cat8;cat1;cat6
http://localhost/images/a1e99bcf-8cbd-4109-a615-d2ab3f3af793;716;cat2;cat4;cat1;cat9;cat5
http://localhost/images/ea60e6dd-5b93-422a-973f-4a45ce072630;484;cat3;cat6;cat5;cat8;cat7;cat9;cat2
http://localhost/images/20665eb6-483a-4fde-a6ef-4fbfef42502d;2624;cat7;cat8;cat4
http://localhost/images/5a36be77-1d98-4f3d-ad91-9ba5fc7318cc;2137;cat8;cat1;cat10;cat9;cat7;cat3
http://localhost/images/55e48d1e-30f1-4788-a02b-3d728eb0c9e1;2447;cat8;cat10;cat7;cat5;cat2;cat6;cat1;cat3
http://localhost/images/185ca73c-42b6-4b79-bd06-9b7098593c39;2361;cat7
http://localhost/images/7bd27413-9097-45df-82aa-2598f55b02bd;1995;cat8;cat2;cat9;cat10
http://localhost/images/1176743e-1052-47ae-9f9b-4f5e770749d1;2424;cat1;cat7;cat6;cat4;cat2;cat10;cat9;cat5
http://localhost/images/3a6ebd5e-b28f-4d9d-b6d6-6a64da3bf61f;1792;cat1
http://localhost/images/e53734ae-4ade-4d52-a16b-bde8ee775a1c;2610;cat9;cat4;cat7;cat10;cat6;cat8;cat2;cat5
http://localhost/images/9df5297f-a2af-47e2-ad0b-29b8856108be;1211;cat7;cat6;cat1;cat5
http://localhost/images/dec37273-672d-4178-9110-5b0ef76e851c;1861;cat9;cat2;cat10;cat4;cat3
http://localhost/images/e4e2aee3-15ce-4614-82a1-ea78cb0f88e8;746;cat4
http://localhost/images/23b553fb-d615-4eab-96af-dc4c54d804d0;1422;cat6;cat10;cat2;cat1;cat3;cat9;cat5;cat8
http://localhost/images/75f0ce72-87cc-4dde-98d2-21481074c5e3;849;cat4;cat5;cat3
http://localhost/images/fd508572-dde3-4865-ad46-508f1e5239b5;883;cat2;cat4;cat6;cat5
http://localhost/images/7e3eb8ee-d22a-4f6a-8ab4-2c569861f04b;1718;cat7;cat10;cat1;cat9;cat5;cat4
http://localhost/images/8d25d205-a24d-4b67-9143-2621eab941a1;258;cat7;cat3;cat4;cat5;cat6;cat10;cat2;cat8;cat9
http://localhost/images/c24d0d57-98bb-452a-b902-ecf67b80c55a;1306;cat5;cat2;cat6;cat8;cat1;cat10;cat9
http://localhost/images/47dc8e23-e8a7-41e1-b555-c3927dd86938;383;cat5;cat2;cat3;cat10;cat6;cat9;cat4
http://localhost/images/eed4a2bf-1c53-4967-b867-b85e0fc81853;1077;cat2;cat9;cat8
http://localhost/images/da03227d-bac2-432f-8c44-c68fb13de9cd;1969;cat10;cat4;cat9
http://localhost/images/ddb19928-0a91-488b-ac27-b184dfb6f449;1134;cat1;cat3;cat5;cat8;cat2;cat10;cat4;cat7;cat6
http://localhost/images/90f8eff8-6bc3-46b0-8d3d-bd2d1a16c41c;983;cat9;cat1;cat3;cat8;cat2
http://localhost/images/3e20a9f9-a517-4ff8-9f41-653665ddc545;1566;cat6;cat3
http://localhost/images/b82e35dc-8462-4437-a4a9-edd0c7e3caab;1221;cat2;cat4;cat1;cat3
http://localhost/images/f7a8e21c-8c9e-41ca-a5cb-4117fea77528;2349;cat3;cat4;cat9
http://localhost/images/bbf69141-a7cc-4ed6-9d8f-b13914b19b8a;2982;cat1
http://localhost/images/6e9d4d9a-1b96-431a-b278-87b9245c1a74;736;cat2;cat1
http://localhost/images/cfe98264-b785-40d0-9221-d7967b60ae03;2601;cat6;cat9;cat3;cat7;cat2;cat10;cat5
http://localhost/images/7124d25b-f3db-4cac-8225-e1c357b925d3;2198;cat9;cat2;cat7;cat5;cat3;cat1
http://localhost/images/d5cc5523-13fb-4559-b64c-d357885dae33;1913;cat3;cat4;cat8;cat1;cat6;cat10;cat9;cat5;cat7
http://localhost/images/84754299-a4e3-4e6e-9540-e9a1f63b3499;1709;cat5;cat3;cat2;cat10;cat9;cat7;cat6
http://localhost/images/582049a6-82ed-4274-84c5-5a59c0136b9f;2220;cat9;cat8;cat4
http://localhost/images/67f765f4-1610-4dd4-8ce3-64dd47838930;2360;cat7;cat6
http://localhost/images/5ff7b78a-d893-4488-b19b-4930ce42a614;1031;cat1;cat4
http://localhost/images/cfd70e15-eafc-464e-931d-c6db011fe86e;2987;cat1;cat5;cat8;cat2;cat4;cat7;cat3;cat10;cat9
http://localhost/images/ba304b5d-311b-49fc-9f0b-d1a6f24811b6;1503;cat5;cat3;cat9;cat8;cat1;cat10;cat2;cat7
http://localhost/images/a8df4f55-4917-4587-89c7-e8ea7aa302f7;1521;cat2;cat9
http://localhost/images/0009021d-e350-4460-a9c3-d421043b2675;2825;cat3;cat2;cat5;cat4;cat7;cat1
http://localhost/images/9dceba35-9536-4047-b5fd-cdb0f8244b6d;942;cat10;cat2;cat8
http://localhost/images/3d234985-e4e2-4775-a3f1-b271cd44b461;769;cat1;cat2;cat10;cat8
http://localhost/images/3ad69ae7-9cf8-4850-b1f7-e65b776b104e;1858;cat4;cat10;cat7;cat9;cat5;cat8
http://localhost/images/9bf5f89d-53bd-4cff-b2fa-d26c4b8740ec;2291;cat4;cat1;cat10;cat8;cat9;cat2;cat3;cat6;cat7
http://localhost/images/d992127b-62a8-48e3-bc16-0c22fd078d8a;387;cat5;cat4;cat3;cat8;cat6;cat7;cat9
http://localhost/images/bd7cb2bc-408f-48e0-9fc7-d61833a3f3ca;2334;cat7;cat9;cat6;cat5;cat8
http://localhost/images/ed0eab0f-e384-4feb-b87c-8ec2ea29973d;585;cat2;cat7
http://localhost/images/526d16e4-1d7b-4836-984f-10f1987107d6;754;cat1;cat4;cat9;cat8;cat10
http://localhost/images/e1f01406-053b-4524-ba83-80aba58c3541;2850;cat7;cat10;cat1;cat2;cat9;cat8;cat4;cat3
http://localhost/images/bca278f1-3a29-4264-ba8e-e9394864d5a1;1029;cat9;cat8;cat3;cat5
http://localhost/images/f4df291a-bc81-46b3-9f49-10822cc4caf0;1505;cat7;cat9;cat10;cat4;cat1;cat3;cat8
http://localhost/images/0dbad282-d4f2-4627-b5e7-afdaf0fbdcb6;1033;cat8
http://localhost/images/62fda7c5-1be3-4765-a59f-4b954fe7d8d2;372;cat3;cat10;cat1;cat2;cat5;cat9;cat8;cat4
http://localhost/images/0ff33344-3bb8-412c-a9a8-d67c3acfbf4a;702;cat7;cat3
http://localhost/images/71b98082-ea03-452f-9190-cf1cd4477dbf;2652;cat4;cat1;cat7;cat6;cat5
http://localhost/images/5bd025e0-02c2-4f73-bc8f-78a96f61ef26;579;cat2;cat7;cat5;cat10;cat4;cat9;cat6
http://localhost/images/bae1553c-5c57-4d29-a8fa-2957a9396efd;1109;cat4;cat10
http://localhost/images/6cbee239-e824-4749-a373-52f7717b4cfe;2548;cat7;cat8
http://localhost/images/be1750b3-d272-493a-8f42-2d53fbd9daa4;2523;cat2;cat10;cat1;cat8;cat7;cat3
http://localhost/images/11f46921-c073-4df3-91eb-c1643980afb5;2964;cat1;cat2;cat4;cat9
http://localhost/images/1afaa255-a30a-4d17-bbaa-4061e861b5eb;2728;cat3;cat7;cat5;cat8;cat2;cat9;cat4;cat1;cat10
http://localhost/images/1ff5dd24-644d-40e9-bcbc-bcc35f131ca6;2420;cat10;cat9
http://localhost/images/53d793ec-e89f-4a71-911a-1908f5aac6e9;2538;cat3;cat9
http://localhost/images/70e5a5f5-d273-4bc8-bd59-0c54b484a26d;2523;cat10;cat8;cat5;cat2
http://localhost/images/5ecdec14-5bbd-4a88-9cdb-3b72b6666f8a;369;cat1
http://localhost/images/e3c26abf-6421-46d1-94fe-c09abff63e7d;2284;cat4;cat1;cat10;cat9;cat8;cat5;cat2;cat3;cat6
http://localhost/images/fd7d75e3-339d-4541-81a4-137fd7e571cf;1621;cat8;cat7;cat1;cat4;cat6;cat3;cat2;cat10
http://localhost/images/7dfb0816-e3d1-4b91-b7d1-22738ae519cd;587;cat6;cat2;cat5;cat8;cat7;cat4;cat1;cat9;cat10
http://localhost/images/c3ac2646-b6b3-44c8-b43b-2048c8ef9aed;1241;cat7;cat1;cat5;cat9;cat2;cat4;cat6;cat10
http://localhost/images/6ee1eb77-251f-474c-9875-d44a42ede297;2395;cat9;cat8;cat1;cat7;cat5;cat4
http://localhost/images/f8531aca-9465-4799-a99a-f955784536f6;650;cat6;cat3;cat4
http://localhost/images/cd24b912-9609-4463-8244-957479208681;110;cat6;cat1;cat4;cat5;cat7;cat9;cat8;cat2
http://localhost/images/c62e5a69-b796-4a1c-a048-d2bbfff2e74c;541;cat2;cat3;cat4;cat5;cat6;cat9;cat7;cat10
http://localhost/images/85ae07e1-06bd-406c-aa19-e7dd1ff19188;2168;cat10;cat2;cat7
http://localhost/images/7ca697be-c770-4413-9dbf-64fa93616f16;1768;cat1;cat4;cat2;cat3;cat6;cat5;cat7
http://localhost/images/d34dfd57-09fb-44e1-ba63-4e59ee7ed8d2;666;cat1;cat8;cat6;cat3;cat5;cat10;cat4;cat9;cat2
http://localhost/images/d771d11c-faf4-4aab-aab5-a926a7cd3eb7;916;cat4;cat10;cat6;cat3;cat8;cat9;cat5;cat1;cat2
http://localhost/images/ed5b6234-a710-40b4-845c-52769f49dd0b;1707;cat9;cat1;cat5;cat3
http://localhost/images/8bef3a57-850d-4417-bdda-84ffb95a3054;1356;cat9;cat7;cat2;cat1
http://localhost/images/cafaa298-a9b3-4d65-be37-61d3681a75dc;1364;cat6;cat8;cat10;cat1;cat9;cat5;cat7;cat3;cat4
http://localhost/images/081095c9-de2a-4c2f-b656-ea7e7a9f43ed;2640;cat1;cat3
http://localhost/images/cd6e9145-86c2-4a2e-a3b0-8708943351af;1386;cat7;cat9;cat3;cat10;cat2;cat8;cat5
http://localhost/images/0c9cf3ca-61be-4141-b23e-7077d9e8c07b;2172;cat1;cat2;cat6;cat5
http://localhost/images/e53d2427-09f0-49f1-a810-b753f7951187;1361;cat4;cat1;cat8;cat9;cat5;cat2
http://localhost/images/484f54dc-ac88-4825-9adf-8bdb634b0565;1838;cat8;cat7;cat6;cat10
http://localhost/images/acc65f5c-6834-4be7-971d-0580cd1a365b;2162;cat2;cat5
http://localhost/images/f1b25036-93eb-41ca-8b04-839f2ecd57a9;2347;cat1;cat8;cat5
http://localhost/images/e9275fd5-97f8-4029-b60b-80170825a37e;2826;cat4;cat7;cat6;cat8;cat10;cat2;cat1
http://localhost/images/df3d4f3e-8c31-4daf-ae4d-395518dd7a62;907;cat10;cat5;cat1;cat8;cat6;cat2;cat3
http://localhost/images/cc194708-c60d-49ba-ba96-bbf2796aeffb;935;cat7;cat10;cat2
http://localhost/images/3026aeaa-752a-4bae-a080-6415123b913a;2475;cat7;cat3;cat1;cat4;cat6;cat8;cat5
http://localhost/images/cadd8a7f-fa1f-4b08-81f1-6ebc37c2ca61;1262;cat6;cat8;cat3;cat9;cat5;cat4
http://localhost/images/14721952-215d-43c2-9b31-386ddb91f8b3;1396;cat7;cat8;cat10
http://localhost/images/0743d75e-2901-48b6-8362-c6999dffe652;1783;cat2
http://localhost/images/5a801aae-1fae-4a78-8c08-91f40294d570;483;cat3;cat10;cat6;cat8
http://localhost/images/c7a67951-074e-4442-9bae-10ef458ce699;1922;cat5;cat2
http://localhost/images/8e80cd17-2c04-4f91-91fa-3c3b1c776493;2840;cat5;cat1;cat7
http://localhost/images/22d13baf-e0d8-4950-9444-6d1f83ba27f1;2106;cat3;cat8;cat4;cat9;cat2;cat10
http://localhost/images/76fdf6df-e9de-4562-9891-b288f581dadc;1147;cat3;cat10;cat8;cat4
http://localhost/images/b95764b1-d672-4b13-8c60-c67c91c09535;710;cat7;cat9;cat6
http://localhost/images/3f83edee-3532-4d8c-a018-d1551f9b0ec7;712;cat4;cat8;cat3;cat6;cat7;cat1;cat9;cat5
http://localhost/images/67a50941-9224-4f70-b494-3f8b054673f9;2742;cat4;cat10;cat7;cat2;cat1;cat6;cat8;cat5;cat9
http://localhost/images/94e4a4f0-81ce-4e6f-b624-0270e9c4b756;1731;cat7;cat6;cat10;cat9;cat8;cat5;cat4;cat1
http://localhost/images/07416536-0343-49da-8e8a-cfb8af63615b;2710;cat8;cat9;cat1;cat5
http://localhost/images/76eca195-1fea-4bd2-b0e1-b5afb2cf5834;1040;cat5;cat4;cat7;cat10;cat2;cat9;cat6;cat1
http://localhost/images/f5c720fc-a943-48b6-b8d3-4dd13fecf4a3;1217;cat3;cat5;cat10;cat2;cat7;cat9
http://localhost/images/052b53f8-ae30-4274-857f-31e8f0e72dd0;692;cat10;cat7;cat2;cat1;cat9;cat6;cat8
http://localhost/images/4d14841b-04fb-4d40-be32-bf800094a253;326;cat9;cat6;cat3;cat10;cat8
http://localhost/images/63380d95-f3ea-40b6-bc4c-32ccaadf8188;268;cat1;cat5;cat9;cat3;cat6;cat10;cat8;cat4
http://localhost/images/ede2c901-1f2a-49a4-89dc-285ac051ba3b;1443;cat8;cat3;cat10;cat4;cat1;cat5;cat7;cat9;cat2
http://localhost/images/a6393520-f050-4652-94f8-49e9e0b72a5e;2937;cat10;cat1;cat9;cat6;cat5;cat8;cat7;cat2;cat3
http://localhost/images/65d32e96-ed60-41cd-9941-5f2f68969e02;2922;cat1;cat2;cat6;cat3;cat8;cat5
http://localhost/images/97f63ba1-e477-4463-8dba-4adee4d79f93;2428;cat3;cat4;cat7;cat2
http://localhost/images/897848bb-0f58-4c7d-bbe7-4c44884b87d5;349;cat1;cat7;cat4;cat2;cat8
http://localhost/images/d39f9c43-4c79-4ec5-8fd7-3009364ca9f2;2662;cat5;cat4;cat8;cat3;cat2
http://localhost/images/2c072975-2724-4314-9d7c-a0c723691921;2749;cat1;cat6;cat8
http://localhost/images/58fbbdbf-150d-4852-ad85-f31d77aa6769;863;cat7
http://localhost/images/1c3f3dac-7431-4e48-a22e-170f1b58b7ac;511;cat1;cat10;cat3;cat7;cat6
http://localhost/images/34247708-8f68-41b6-901e-05102bad306f;334;cat3;cat8
http://localhost/images/e189ca0b-eeea-4749-82ff-e3d32be0da68;2639;cat9;cat5;cat6;cat10;cat8;cat1;cat4;cat2;cat3
http://localhost/images/eab3db27-cec4-43e8-be02-fee88ac06b6d;185;cat1;cat7;cat4;cat3;cat9;cat6;cat5
http://localhost/images/addc95f6-5176-4f47-8c9f-32ef984de6e2;2647;cat1;cat9;cat2;cat3;cat4;cat6;cat5;cat8;cat7
http://localhost/images/827c7106-947f-4b2e-8614-96eda319d49d;2335;cat4;cat2;cat9;cat6;cat8
http://localhost/images/a7855ac4-fe73-4c2d-92f1-9a2310dac7a2;2164;cat5;cat3
http://localhost/images/1df2d6a1-fbdf-4b4b-9121-88e0efe82b2e;1119;cat1;cat5;cat8;cat2;cat7;cat4
http://localhost/images/63c45618-9537-4ff4-8f7d-43af1276804d;2646;cat2;cat7;cat5;cat4;cat3;cat8
http://localhost/images/7d711822-70e5-4856-b4bf-f3d4c67d74b3;886;cat2
http://localhost/images/295484ad-8c02-49b1-a5b8-797ea1cdb701;2911;cat4;cat3;cat1;cat7;cat10;cat2
http://localhost/images/7c68beb8-9ab5-4a7f-8276-83347a9cfb48;423;cat7;cat9;cat10
http://localhost/images/4d87ddd7-90d4-47b9-8e8d-d3ba183ac745;2504;cat8;cat3;cat1;cat2;cat4
http://localhost/images/cb150b8b-6afc-4b6c-9160-2c554cdbdacf;1909;cat1;cat9
http://localhost/images/a5a4d3f7-28ab-489f-8b4a-ac8f99c09eaf;1593;cat6
http://localhost/images/e248a695-e661-4dec-a0e3-f89dc3f4fe89;266;cat9;cat7;cat2;cat10;cat5;cat4;cat1;cat6;cat8
http://localhost/images/391036e9-26b7-4c1c-b44a-fee343f37239;2824;cat6;cat1;cat5;cat7;cat9;cat2;cat10;cat3;cat8
http://localhost/images/3dad468f-2f06-4a82-9f88-1412308b7c37;1696;cat6;cat2;cat7;cat9;cat10
http://localhost/images/61a3f867-c5eb-4f07-9acf-0e768079fc86;765;cat7
http://localhost/images/2baf9e43-48f4-481f-839f-86f22b0c8c60;2465;cat5
http://localhost/images/066a1eca-d6ad-45f3-bb40-aa085b257c2e;2784;cat4
http://localhost/images/edb905e0-db10-455e-993c-c50e839639d4;1172;cat6
http://localhost/images/9a1f49a4-c8b8-4858-8bf9-772656612903;2935;cat5;cat3;cat1;cat2;cat10
http://localhost/images/56391743-7ed1-4a01-a918-4c990de0bc39;1833;cat5
http://localhost/images/cf680094-302c-4b1a-b057-0a6416ee4fda;384;cat9;cat7;cat3
http://localhost/images/ba2be120-a06f-4dcf-af93-bf506b482e1d;146;cat7;cat3;cat8;cat9;cat4;cat2;cat5;cat10;cat6
http://localhost/images/012f306d-cee1-4d35-a4ea-7731e08430e2;2750;cat6;cat2
http://localhost/images/ff2aa0d5-a327-460f-8442-5318d018c2d5;2433;cat8;cat6;cat4;cat9;cat2
http://localhost/images/7aa6c369-ede8-4a35-95a4-1da9646febc0;2452;cat4;cat2;cat6;cat10;cat7
http://localhost/images/1945ed27-3264-4e00-8c59-44365e941363;2442;cat8;cat9;cat6;cat4
http://localhost/images/e0ea07ba-5604-4d50-892f-9565f15b2edc;868;cat5;cat3;cat2;cat4;cat9
http://localhost/images/89b6c3d6-7d31-41cb-b120-b9719dbd9c63;2670;cat5
http://localhost/images/1fc3a5b8-72f6-43b0-bb39-3e073a561ef0;2035;cat3;cat5;cat4;cat7;cat1
http://localhost/images/ff2fb28f-765a-43c9-b630-f24348a7eab5;1366;cat10;cat5
http://localhost/images/2ea6e86f-0dd9-4fd6-ab74-8fc8f2c94fe0;2307;cat8;cat1
http://localhost/images/bb92e568-7100-4e49-969c-d538b7c14507;2985;cat10;cat9;cat6
http://localhost/images/9b980316-0dd6-4cea-97a4-dd97c78ec5b3;2082;cat3
http://localhost/images/6215f5c7-1172-43da-a6bd-1370af90005b;2627;cat1;cat8
http://localhost/images/45ffdb38-a09b-4a4f-aaf5-cb171d0d43f6;1552;cat5;cat4;cat9
http://localhost/images/f139d2c8-e974-4fbd-ac8a-caec605b0126;1814;cat2;cat10;cat9;cat4
http://localhost/images/5c8002bf-c90e-4bf1-a409-b5efce37abe4;2185;cat6
http://localhost/images/1e66a3c2-8853-4c75-a530-e4bdf152a3c6;978;cat1;cat4;cat2;cat3
http://localhost/images/c7d52d80-0aa7-47a7-8ce6-8d4d10485441;2321;cat4;cat8;cat5;cat9;cat1;cat10;cat2;cat7;cat6
http://localhost/images/77a49935-5b2d-4ccc-9d52-577d000222fd;281;cat5;cat6;cat10;cat9
http://localhost/images/4b9b6071-b043-4857-9568-390b0083799e;1542;cat3
http://localhost/images/844fc0e3-eac3-4e69-b859-d71bda2b8fbc;1713;cat2;cat7;cat3;cat10;cat9;cat4;cat5
http://localhost/images/ea6788e3-1f55-434d-9779-bcb1b1c475c3;1187;cat2;cat9;cat8;cat10;cat7;cat5
http://localhost/images/4c5b01c6-e97d-4419-b99e-6e1d3e38740b;2254;cat8;cat6;cat1
http://localhost/images/9ccda07b-3f91-4973-a33e-895be7a49bb0;1178;cat5;cat7;cat10;cat8;cat3;cat2;cat9;cat6;cat1
http://localhost/images/b23870cc-9f91-4492-9b56-34d9433b484d;1021;cat4;cat8;cat5;cat2;cat9;cat3;cat1
http://localhost/images/0184ea00-2124-46cd-ae4a-03ccca4de97c;2007;cat6;cat2
http://localhost/images/43785be6-cc2b-435e-a097-170a2f67a22b;401;cat4;cat9;cat8;cat2;cat3;cat1;cat5;cat6;cat7
http://localhost/images/be6b2f43-7afb-462a-bf04-fb0a4f9c7d64;2827;cat9;cat7;cat5
http://localhost/images/931738f4-8829-45c9-aec3-6756504e9840;2453;cat2;cat1
http://localhost/images/fe0590cc-73c2-4dac-8a75-02f5cdc0055f;2567;cat4;cat7;cat9
http://localhost/images/27587547-5e91-4b9a-a8e3-86148fb5f149;992;cat3;cat8;cat1
http://localhost/images/f2580e4e-f53d-4d9e-bed2-99dc07fca7f5;366;cat10;cat1;cat8;cat6;cat3;cat7;cat2;cat4
http://localhost/images/8c58feb6-98f1-4daa-94a7-ff1577937a92;835;cat5;cat8;cat4;cat7;cat10;cat9
http://localhost/images/6d785467-d726-47a4-98f1-713af701a302;1918;cat2;cat5;cat6
http://localhost/images/94300cae-6f91-40c8-b05a-c922edf8f5c2;2858;cat7
http://localhost/images/5147cc3b-9a30-4682-b045-4353459a8a44;2317;cat9;cat10;cat8;cat5;cat6
http://localhost/images/f072effc-fd1a-4c29-844e-c0eacf9188ac;1652;cat6;cat2;cat8;cat10;cat9;cat4;cat1;cat7
http://localhost/images/d4c4e406-d59e-45ef-9dc3-672f62a8d33c;2512;cat8;cat2;cat10;cat7;cat6;cat1;cat4
http://localhost/images/f3f1150f-05e9-4509-a4e4-002bca2bb3e8;1633;cat6;cat5;cat8;cat3
http://localhost/images/61d728fe-f7b6-4cca-a6a2-bf8d3c04b255;2035;cat10;cat2;cat5;cat4;cat7;cat3;cat1;cat9
http://localhost/images/13a859a5-d537-426d-8e56-bc2d47993c15;373;cat8;cat2;cat4;cat10
http://localhost/images/1e4f1845-d54e-4ffc-b4e1-ba52fe1a2211;141;cat5;cat3;cat2;cat6;cat8;cat9;cat10;cat1
http://localhost/images/22967865-61cf-47be-9edb-ffd20cb9d435;1053;cat7;cat5;cat10;cat9;cat8;cat1
http://localhost/images/fef6ea0f-eab4-4688-aa5b-720566b532cc;1010;cat8;cat3;cat6;cat1;cat5;cat7
http://localhost/images/f4673ec5-f680-45af-a7e5-0b445797b37d;163;cat3;cat7
http://localhost/images/0c0c649b-6269-47bf-a006-1a02fa7271c6;557;cat2;cat1;cat9;cat6;cat3;cat7;cat5
http://localhost/images/7d06db4d-6435-4acd-973e-5f2fa0ceaabc;441;cat7;cat1;cat10;cat3;cat8
http://localhost/images/983461da-7987-4021-9b5b-a45d0c49351c;2065;cat3
http://localhost/images/55521dfc-ea27-4927-b714-b47d4d876523;2477;cat9;cat1;cat6
http://localhost/images/c26943af-7dc8-4baa-aa32-045bf42273e0;1809;cat9;cat4;cat5
http://localhost/images/dc355250-bd5b-47e0-bb70-a6810f31423a;2031;cat1;cat3;cat7;cat10;cat8;cat6;cat2;cat9
http://localhost/images/335f7998-62c3-415e-ad1a-921ac68cb088;288;cat5;cat7;cat1;cat2;cat10
http://localhost/images/b0aaceea-cce0-4333-97f1-29a5f5aa2e8e;2601;cat9;cat7
http://localhost/images/ed426df1-0182-403a-b9c4-10e0db18a935;1214;cat10;cat8
http://localhost/images/dfa373da-13dc-40a5-8eaf-24e7f94ec961;529;cat7;cat1;cat5
http://localhost/images/e91cb606-072c-4189-b105-b9ad3c6df4de;1562;cat10;cat3;cat7;cat5;cat6;cat4
http://localhost/images/4dcc2146-0e75-47ec-b28b-fb058847ec6e;1978;cat7
http://localhost/images/c767453b-80b9-40bb-a262-a81e289d2010;2124;cat3
http://localhost/images/0df80d17-d152-46dc-813d-c5d8777b44ba;2448;cat2;cat7;cat4
http://localhost/images/143e8ca4-04ac-4ed5-8794-daea9ede795c;1212;cat1;cat7;cat2;cat3;cat6;cat4
http://localhost/images/a4c42dd9-823a-4b57-a5fe-f3e22c307158;1820;cat6;cat8
http://localhost/images/2c7b1dc7-2fdd-4b03-bc8e-767f961abf03;254;cat6;cat4;cat7;cat3
http://localhost/images/44b1b44e-7bd1-4dc1-9050-8eadc76a5b8b;101;cat2;cat7;cat10;cat1;cat5;cat3;cat8
http://localhost/images/8fd7a93f-784b-490f-98ab-a0a2d5c5b512;1551;cat10;cat1;cat8;cat9;cat3;cat4
http://localhost/images/073e19b4-c9a1-41af-b271-ae75d882ad18;2189;cat2;cat7;cat1;cat8;cat10;cat4;cat9;cat3;cat6
http://localhost/images/b4ee0c95-897c-4872-bb12-aea1c2eacb1c;1752;cat10;cat4;cat6;cat8;cat2;cat9;cat1
http://localhost/images/53fcbd08-d43f-4b7a-941f-4ae9ad9a1b58;2744;cat6;cat1;cat7;cat10;cat3;cat4;cat5;cat2;cat9
http://localhost/images/ff052e6d-4799-4ec0-82f8-db3b0ad50564;402;cat7;cat5
http://localhost/images/db117a64-f912-4efc-9a5c-4ad4fef73a39;520;cat5
http://localhost/images/b9ba3bd5-d58b-4727-8b71-25fba760e7f8;1229;cat7;cat10;cat9;cat1;cat2
http://localhost/images/f08d155e-c92b-45a1-978a-75a9ff36037c;998;cat10;cat7;cat1;cat9;cat8;cat5;cat6;cat2
http://localhost/images/0bb323d8-9b50-4bb6-9ac2-6652a1531625;264;cat8;cat5;cat1;cat2;cat4;cat9
http://localhost/images/358263ac-42cb-44e6-9586-a117e1f225bf;1432;cat5;cat10;cat7;cat9;cat8;cat1
http://localhost/images/70bdef4e-455d-4dae-ab5c-9ccf4c5d4fe6;1057;cat2;cat7;cat5
http://localhost/images/d7068082-df59-402b-b842-ff0207c61b36;1234;cat9;cat7;cat2;cat6
http://localhost/images/9182729a-8af7-4041-8265-a81746fbfbb9;353;cat9
http://localhost/images/8f484dcc-049e-4739-86ed-7db0bbd467f9;1108;cat10;cat3;cat7
http://localhost/images/a5c323d0-a8b2-4ff9-8bfb-a74c9b0e8b8c;1602;cat4;cat2;cat6;cat10;cat1;cat8;cat5;cat3;cat7
http://localhost/images/42f4cd55-daa8-4e92-b790-a9813d27416b;2720;cat9;cat2;cat4;cat1;cat7;cat10
http://localhost/images/e2423d58-e3fd-475f-8283-32190a16d646;1002;cat8;cat5;cat6
http://localhost/images/31c514cd-3edd-47b8-865e-f9a7e6325f5a;864;cat8;cat3;cat7;cat5;cat1;cat9;cat4;cat2;cat6
http://localhost/images/ff00cb04-540e-416b-93c3-a54f3a106d0c;162;cat5;cat7
http://localhost/images/529229d9-7b5f-4e70-9112-496c5872e75d;372;cat6;cat9;cat8;cat10;cat5;cat4;cat3;cat7
http://localhost/images/93be6eba-e42d-4626-a9b3-c61b557640d5;1800;cat9;cat7
http://localhost/images/6e6eddf8-c26e-46a4-8606-db64f867f809;285;cat4;cat3;cat7;cat6
http://localhost/images/b8af5ce0-2933-452c-8bd1-dec68a4b5422;1162;cat2;cat7;cat10;cat3;cat4
http://localhost/images/91be7507-335c-4d83-8921-c98f8ceb7572;2665;cat2;cat10;cat6;cat9;cat5;cat1
http://localhost/images/32b672e3-b85a-4b63-8268-0b6b13679f73;1389;cat9;cat2;cat8;cat7;cat10
http://localhost/images/7e706298-0b17-4022-9b4c-8a1714dab812;1762;cat10;cat9;cat1
http://localhost/images/e5072e80-97cc-4ff7-9891-f0ab4d629e08;2446;cat4;cat10;cat3;cat2;cat7;cat9
http://localhost/images/93ba3a45-b2a4-4341-8e46-284c417847c9;2262;cat8;cat5;cat7
http://localhost/images/a026510f-3d84-43f2-8ae7-bc792cf8ba3d;2768;cat9;cat5;cat1;cat10;cat8;cat6;cat3;cat4;cat7
http://localhost/images/9cd96377-f626-474d-8dc9-b16dd0b73962;1620;cat9;cat2;cat7
http://localhost/images/97fc3cba-bd77-4e4d-a5d2-66cdad5759bc;1885;cat10;cat7;cat4;cat3;cat9;cat8;cat2;cat6;cat1
http://localhost/images/cbdb6933-3a3e-49a8-bb17-677e9c98dbe9;2293;cat10;cat9
http://localhost/images/d99945c3-9b75-4cba-9ea4-01736b29dbe2;1745;cat4;cat1;cat3
http://localhost/images/57752993-1ca1-4a21-a9cb-1ed3870b9c05;1563;cat9;cat4;cat10;cat5;cat6;cat2;cat3;cat7
http://localhost/images/3b6b4af8-ad64-45b0-a325-646df07153b0;979;cat5;cat2
http://localhost/images/279cadb5-5788-4dd6-b5f5-d79bdc0ae69e;488;cat4;cat9;cat1;cat8;cat3;cat6
http://localhost/images/3c829aba-eed9-407b-928f-090d10573210;2523;cat2
http://localhost/images/40338979-d454-4785-b20c-7cd7b3afe1d6;2814;cat2;cat10;cat4;cat8
http://localhost/images/307dd310-7933-4b05-ae31-24b12635e5b6;1994;cat4;cat7;cat8;cat10;cat6;cat9
http://localhost/images/9e1e9c26-284d-43d3-a78d-7328479c5ab4;2506;cat1;cat10;cat2;cat8;cat4
http://localhost/images/88fe7929-3df5-4322-a08f-a7ecfe08f0b3;2637;cat7;cat3
http://localhost/images/a24f32cd-22b4-4eae-aff2-8873fc28399e;2206;cat5;cat2;cat8;cat6;cat4;cat1;cat10;cat7
http://localhost/images/09038b95-11d6-4dc7-b7e4-090a43050edd;1281;cat3;cat2;cat8;cat6;cat7;cat5;cat10;cat9;cat4
http://localhost/images/2912228e-da63-4a76-a9d1-16116016da74;402;cat8;cat7;cat6;cat5
http://localhost/images/87ef3fce-7a0b-43c0-bb4f-15d9d414a0b7;1605;cat6;cat1;cat4;cat2;cat9
http://localhost/images/c4caa843-710a-40dc-a32e-3b725364c9e7;2290;cat3;cat6;cat2;cat7
http://localhost/images/b47684aa-c293-416b-8cc5-870d54dcbed2;2080;cat3;cat8;cat1;cat5;cat9;cat2;cat6;cat10;cat4
http://localhost/images/5f1c124d-0cde-4427-87b2-e52e4dfa0642;1692;cat8;cat9;cat10
http://localhost/images/e26f80b4-53d3-4507-941b-aa4d33f23457;2924;cat6;cat3;cat2;cat9;cat4;cat7
http://localhost/images/68eb6cb8-b89b-433f-9c6e-aca0563f0b31;179;cat3;cat5;cat7
http://localhost/images/3f6032be-0634-4e0e-bc1d-6bbfd91741f7;424;cat2;cat5;cat9;cat8;cat1;cat6;cat3
http://localhost/images/4cd5d2ee-41a1-4276-839a-5f9888bed5c8;2663;cat3;cat9
http://localhost/images/13aaedc8-b28f-4995-aacc-5a76ad3f0309;1630;cat2;cat6;cat9;cat3;cat4
http://localhost/images/df9e747c-dfd9-402b-8b56-d8cfb4758a4b;1556;cat3;cat9;cat6;cat4;cat8;cat2;cat1;cat5
http://localhost/images/d797bef2-e594-4c94-948a-34e41e0b69cc;935;cat5
http://localhost/images/b6e100ae-e272-437e-8c3b-a42ad31e59bc;1310;cat10;cat3;cat4;cat9;cat2;cat5
http://localhost/images/f8884a12-2363-4649-b1c9-7824d4eb0f85;2661;cat6;cat1;cat3;cat2;cat7;cat5
http://localhost/images/deb5b341-9403-4338-b240-3ba4af7b4aa9;1689;cat9
http://localhost/images/365ddb33-4142-498b-88d6-27c43beb2225;1661;cat10;cat8;cat9;cat4;cat7
http://localhost/images/54bdd4e9-ab65-4467-9d91-0a57b43c7aa2;259;cat8;cat9;cat3
http://localhost/images/5bf3ad9d-4a04-4b2b-b10b-b62b03f5baf1;1559;cat10;cat8;cat5;cat1;cat9;cat6;cat7;cat2
http://localhost/images/7c4c5b21-8cda-4e27-a5af-45b9400f73cd;856;cat5;cat6;cat7;cat10;cat2;cat3
http://localhost/images/bb6eeafc-e3c8-4b83-bb51-ca81c691a6cb;2082;cat1;cat4;cat10;cat2
http://localhost/images/ae5d3460-d8d0-4088-adf3-3eeefea98efb;2700;cat4;cat7
http://localhost/images/679e74fe-d90e-4493-bf20-2d222e964265;119;cat6;cat3;cat2;cat9;cat10;cat7;cat8;cat1
http://localhost/images/7cebfa46-3833-4e71-b29e-dd3f51d21026;1510;cat3;cat9;cat5;cat4;cat8;cat7;cat2;cat10
http://localhost/images/0726867e-624c-40d2-bc24-a3967d816455;2796;cat2;cat7;cat1
http://localhost/images/c88e8ff9-ba14-4a78-bbdc-82b0eb8c4b42;1866;cat4;cat9;cat7;cat6;cat10;cat3;cat5;cat2
http://localhost/images/8a2f198c-09c9-4770-8915-f948e9924996;2982;cat5;cat6;cat2
http://localhost/images/ff10d937-c6fe-41f1-8ac7-e51727567a50;1779;cat3;cat7;cat6
http://localhost/images/bc7e8937-e2c8-4e24-a60c-ffcaec56f378;787;cat5;cat3;cat9;cat7;cat8
http://localhost/images/cc72b79a-f695-4bff-8454-78681f4e2865;2099;cat1;cat3
http://localhost/images/162c9d74-3890-4268-8a5f-90bb93138189;2009;cat6;cat10;cat5
http://localhost/images/ef839d45-5c63-4ec0-97d2-8021974295a3;2576;cat10;cat7;cat2;cat3;cat4;cat8
http://localhost/images/9f7d9e8d-6056-487f-8945-231ae449ba2a;1036;cat3;cat2
http://localhost/images/fac116d4-7d68-45d4-bd0c-22745dbc80e5;2093;cat8;cat4;cat7;cat6;cat10
http://localhost/images/11e3c2be-ff6e-49be-ba46-a28b5b11ba5b;2094;cat6;cat3;cat9
http://localhost/images/dd365669-4daa-4a55-859d-ff046abb726d;692;cat9;cat3
http://localhost/images/e9fe4f77-67c7-44a7-800d-23dbe50fee5a;691;cat2;cat1;cat6;cat9;cat8;cat7;cat5;cat10
http://localhost/images/9d1da488-92de-4f08-978a-c218cc4be2f0;1327;cat6;cat9;cat10;cat2
http://localhost/images/a9b9e730-4451-4650-a2dc-a7f2d781be4d;1774;cat7;cat6;cat4
http://localhost/images/fc441a19-60cb-4fd1-9eb4-77e568fbc05d;717;cat2
http://localhost/images/626087bd-712c-4928-b83f-4c5a5355a3b5;1354;cat1;cat9;cat10;cat3;cat2;cat6;cat4;cat7
http://localhost/images/916a644d-e54b-44be-b8bc-7df8af6a1bc4;1442;cat9
http://localhost/images/2b01e314-a15a-44b7-bedf-e34f67ebae5c;509;cat4;cat9;cat7;cat5;cat2;cat10;cat3
http://localhost/images/a7be9b70-6f5a-42a7-9ea4-1d7c4a62808b;2138;cat9
http://localhost/images/c8090331-537e-4a97-a0fe-8d8d71330b20;459;cat6;cat1
http://localhost/images/e5dcda13-5b00-48f5-8222-a134f59bee26;174;cat8;cat1;cat5;cat3
http://localhost/images/f0bd44d0-850e-46d6-8a8d-4805135d22bb;815;cat4;cat7;cat9
http://localhost/images/f2c2db18-5a86-4d7a-bc49-f3c1e9532108;1115;cat6;cat3;cat1;cat9;cat8
http://localhost/images/643a12af-9462-4bf1-be75-ec26b7ea49f5;2928;cat2;cat10;cat9;cat4;cat5
http://localhost/images/5a40d7da-1155-4f21-ba02-bd5d00a70212;817;cat10;cat9;cat3;cat1;cat5;cat7
http://localhost/images/0fdfd155-1720-4d3a-a15d-190d5b69ae3f;478;cat5;cat7;cat3;cat6
http://localhost/images/439d36fc-7f71-458a-af2f-3f8170855bf5;1790;cat7
http://localhost/images/bf4c37bc-59f7-4ed5-bf6e-7b1765e90d34;2248;cat1;cat10;cat6;cat2
http://localhost/images/4d5d1fb4-4619-4c3d-b9f2-775eeb906e8b;2214;cat4;cat2;cat9
http://localhost/images/1a14a3aa-e709-47f6-90e6-db9cece31c97;1358;cat4;cat8;cat1;cat5
http://localhost/images/f6f6932b-9135-4dd4-82f1-15b24bfc1837;1835;cat10;cat2;cat7;cat1;cat6;cat4;cat3;cat9
http://localhost/images/7a01cbda-3655-4eaf-8f95-a7f016142d54;1862;cat2;cat5;cat4;cat7
http://localhost/images/838737c2-3588-43a2-8dc1-9e326b92ef20;2266;cat3;cat7;cat4;cat2;cat10;cat9
http://localhost/images/cafc8b79-46c7-4c8d-a231-f0483e5127b6;1160;cat1;cat6;cat2;cat3;cat7
http://localhost/images/64a0518b-4610-4e23-a29b-dc4a33a4fc44;1128;cat5;cat1;cat7;cat6;cat8;cat2;cat10
http://localhost/images/e1df5c57-7a19-4c23-ac3b-6336934953f2;831;cat4;cat7;cat9;cat1
http://localhost/images/3b0b7cd8-6a44-46ff-aadb-e4e6d6808b5c;2172;cat8;cat3;cat1;cat6;cat9;cat4;cat10;cat7
http://localhost/images/ca024f76-8de9-4c49-a148-f7d899048247;926;cat5;cat6;cat8;cat7;cat9;cat4
http://localhost/images/1ff15a41-a5b3-4df5-b3b5-a0c8f80bfd55;263;cat6;cat5;cat9;cat2;cat4
http://localhost/images/a085ba53-6a7a-4307-9c0c-3e252927aabe;2625;cat8;cat2;cat7;cat6
http://localhost/images/3c61a6ac-3776-48c6-89e1-e0e19288da7c;1964;cat10;cat2;cat3;cat6
http://localhost/images/b84d2fb7-8b7e-4d24-a3fe-3599d9b01fc1;2648;cat2;cat1;cat5
http://localhost/images/acb81de7-5f46-4ae6-9f95-0f0cacaff305;1528;cat1;cat8;cat5;cat6;cat3;cat2;cat7
http://localhost/images/c675b2ec-1864-4f2e-9b1c-2a6a0ce86f9d;2320;cat8;cat9;cat2
http://localhost/images/f2a9913e-42fa-4c8e-869b-a24d3270a9d6;435;cat8
http://localhost/images/39951c01-62a6-4c33-86b3-a4cd44d92b5c;1596;cat9;cat7;cat5;cat3;cat4;cat2;cat6;cat10;cat8
http://localhost/images/21a83ccb-8493-46e5-88d7-7d0ae9033858;2072;cat8;cat7;cat3;cat1;cat4;cat5;cat6;cat9;cat10
http://localhost/images/2533805d-fec6-417f-9c50-b2749862b13a;558;cat4;cat1;cat8
http://localhost/images/678bb043-8259-40da-b73b-ae2aadb94073;1108;cat8;cat6;cat1;cat5;cat2;cat3;cat9
http://localhost/images/1286a034-3796-4c64-8772-da071aba52c9;2695;cat6;cat8;cat2;cat9;cat3;cat5;cat10
http://localhost/images/ffdb6451-6044-4441-abc4-1721476f7579;1236;cat10;cat7;cat2;cat6;cat5
http://localhost/images/59f066f1-5045-4a91-bad4-55324162d184;1672;cat3
http://localhost/images/49af3511-0908-4507-852e-c315508b7243;1131;cat8;cat4;cat5;cat6;cat1
http://localhost/images/ddb88939-b158-4263-95bf-7f2bdd3ddf30;658;cat4
http://localhost/images/509d27f7-f80c-4f87-a3af-3b97f03f3d75;1734;cat9;cat10;cat1;cat8;cat2;cat3
http://localhost/images/818623e5-a160-434f-a217-1eead89aec10;1327;cat6;cat7;cat4;cat3;cat8;cat1;cat5;cat2
http://localhost/images/18df91be-3737-4a06-b325-2fbff32f1145;1005;cat3;cat1;cat5;cat10;cat6;cat7;cat8
http://localhost/images/10bec631-ad06-4085-be69-20937a3bd9b6;2436;cat2;cat7;cat8;cat4;cat5;cat3;cat1;cat10;cat6
http://localhost/images/78f888e0-71d9-4fd6-974b-d53ba15bd179;1976;cat7;cat3;cat8;cat6;cat1;cat10;cat4;cat2;cat9
http://localhost/images/51e4473e-d3b7-40d4-8053-9bd6942dd01f;2463;cat9;cat5;cat10
http://localhost/images/c5c86f77-199a-4f99-b00d-d99a195745b6;2685;cat2;cat1
http://localhost/images/e13884dc-35ce-49f6-bd78-2e86d298b463;702;cat8;cat3;cat9;cat6
http://localhost/images/ec96a1ad-b6c8-42c3-a1e3-b9aecd512bc5;1264;cat2;cat8;cat1;cat10;cat3;cat7
http://localhost/images/e4500a85-b8d8-44d5-ad46-8e986730d430;1840;cat6;cat5;cat3;cat4
http://localhost/images/0e47ac54-9eca-4ace-96cb-da5980ddde59;1866;cat2;cat10;cat5;cat8;cat3;cat6;cat7;cat1;cat9
http://localhost/images/2f539ca8-1aab-477d-8a5a-bac422efd86d;902;cat8;cat1;cat3;cat6;cat2;cat10;cat4;cat9
http://localhost/images/01d728c0-4b4a-46bb-8b2b-803f7b5692d7;1512;cat10;cat7;cat1;cat5;cat6;cat2;cat8;cat4
http://localhost/images/c4d145b1-3153-438b-ad26-424a232cb7c9;1525;cat10;cat3;cat2;cat9
http://localhost/images/8b4e0294-975d-4dec-99bd-913d8683f7ce;861;cat1;cat4;cat10;cat7
http://localhost/images/b0d35e27-e250-4f48-a5c2-22d5af4ac2a2;1911;cat9;cat10;cat8
http://localhost/images/1de1393d-fbef-4b39-91bb-9dde82c0e381;2986;cat7;cat5;cat9;cat3;cat6;cat8;cat10
http://localhost/images/dd68d67c-e192-45c8-9c98-01195897696f;899;cat8;cat5;cat10;cat7;cat6;cat1;cat2;cat9;cat3
http://localhost/images/044f38c6-4a8a-4a44-9635-ff6997c6d50f;432;cat6;cat3;cat9;cat8;cat7
http://localhost/images/a53a9789-f963-438a-9ed0-0d2f40dd6d06;1779;cat5
http://localhost/images/ccefec22-84a6-434c-b81e-218bdb3bc9fc;2074;cat4;cat2;cat7;cat1;cat5;cat6
http://localhost/images/513e0ed9-749c-4893-8104-41cdb078d339;703;cat1;cat2;cat7;cat4;cat10;cat5;cat3
http://localhost/images/839a4b66-32bd-4846-a4ed-c5a62789f650;1072;cat1;cat4;cat3;cat5;cat8
http://localhost/images/c15c8185-6ad0-4e49-9298-df457854b012;1906;cat3;cat2;cat5
http://localhost/images/ce409973-ca5a-4a1b-8d2a-68f31ebffc88;1956;cat10
http://localhost/images/2c3dae56-baef-4095-b592-c3c81dc11634;564;cat4;cat9;cat3;cat10;cat7;cat8;cat6;cat1
http://localhost/images/e418b1bb-81b2-4003-a836-254e90cd0187;2400;cat1;cat3;cat6;cat2;cat10;cat9;cat8;cat4
http://localhost/images/d24c6f25-aff3-4a05-9567-0a2fd37e5935;379;cat5;cat6;cat3
http://localhost/images/85ac827c-496b-4b49-a3ac-9aaec1147fcb;2903;cat6;cat2;cat4;cat3;cat9;cat10;cat5;cat7;cat1
http://localhost/images/bf7f7d2d-41fd-46d6-80f0-5eea847fef49;2458;cat8;cat4;cat10
http://localhost/images/d3443593-6a38-4e4b-932f-7e5ca9600ac3;1101;cat8;cat3;cat9;cat5;cat4
http://localhost/images/c1c54086-24f5-470e-a341-d99c555b5d68;2734;cat4;cat3;cat1;cat5;cat8;cat7;cat6
http://localhost/images/253cc0cf-6de9-407b-acd8-d67b834034d5;2686;cat3;cat4;cat2;cat9;cat8;cat5;cat6
http://localhost/images/15ed179a-1ec9-4d38-b218-fc5078154cd2;1615;cat4;cat6;cat7;cat8;cat3
http://localhost/images/1c64c2ec-1760-472f-9401-0182796f028a;2616;cat5;cat6;cat2;cat9;cat7;cat3;cat8;cat1;cat4
http://localhost/images/6c92fd00-80f7-401a-ab02-9598312fea8f;1746;cat5;cat8
http://localhost/images/d09ac133-247d-458e-b4a0-18cca9c32c10;1557;cat9;cat10;cat3;cat4;cat6;cat5;cat7;cat8;cat2
http://localhost/images/8cfaa7e4-0d78-4929-9085-7931a138c8c8;1263;cat6;cat10;cat5;cat1;cat9;cat2;cat3;cat8
http://localhost/images/9c97957d-6d11-4007-bd33-51d5c8d774b5;1353;cat1;cat7;cat2;cat4;cat5;cat6
http://localhost/images/faa85d4f-5257-4ed7-bb5e-6ebf83687f6b;306;cat9;cat2;cat4;cat5;cat8;cat1;cat3;cat10
http://localhost/images/aa5aee06-b762-4e43-a319-3d0fc7adc274;2659;cat8;cat4;cat6;cat10;cat2;cat3;cat1
http://localhost/images/779fbe93-5eae-4614-a912-30019c11d626;2761;cat8;cat4
http://localhost/images/c8bdec9e-f882-4f78-b50c-d92e07da7c30;1395;cat9;cat5;cat10;cat6;cat7;cat4;cat3;cat2;cat8
http://localhost/images/a135d17a-92e8-4251-84b5-97715b4d94e5;2645;cat4
http://localhost/images/40f5ce25-0578-4ab7-be55-1f7462afdbc5;377;cat8;cat10;cat4;cat2;cat5
http://localhost/images/69c90001-4d2b-4f1b-9767-291ab90d576a;1059;cat4;cat9;cat10;cat3;cat1;cat5;cat6;cat7;cat2
http://localhost/images/05f308fc-2431-4dba-9010-1fc42b82ce2c;184;cat8
http://localhost/images/185a35ba-48a2-43ae-b098-66bd0218e4c8;1898;cat9;cat4
http://localhost/images/4b8d6a46-7adb-43e6-a6e3-d4e2c8c25dd2;402;cat3;cat10;cat5
http://localhost/images/013cfc49-9748-4ea8-b612-1658bea95275;429;cat1;cat4;cat2;cat3;cat8;cat10;cat7
http://localhost/images/a2ef316b-d509-4e85-bf4b-4ca7e4e82ffb;250;cat4;cat8;cat3;cat5
http://localhost/images/6890fef1-3f9b-4aa6-869e-5aa71721c1fc;1091;cat7;cat6;cat3;cat4;cat10;cat2;cat5
http://localhost/images/15df5d61-d90d-405d-87c2-b10177dd2313;1086;cat2;cat5;cat4;cat9;cat7;cat1;cat3
http://localhost/images/0db92cff-22e6-415c-98c5-7bcedc5ac22b;1027;cat3;cat10;cat7;cat6;cat1
http://localhost/images/f44faf4d-46dd-4a08-afd3-c4715cfa9089;1293;cat7
http://localhost/images/07551b09-a91a-4eb6-ad15-5f56a272b783;1593;cat4;cat2;cat8
http://localhost/images/a69c7b83-090f-4aab-bcc8-70e02f9386ff;953;cat6;cat9;cat5;cat3;cat4;cat10;cat8;cat7;cat2
http://localhost/images/6c46d600-af07-4c1a-bbce-4f22863d83fd;2814;cat9;cat1;cat8;cat10
http://localhost/images/219b1d29-af7a-4cb7-aaf2-bd6679c2ca61;1353;cat7;cat4;cat6;cat3;cat8
http://localhost/images/c8611106-12a9-4ca2-b641-1d4ae818dc94;403;cat3;cat8;cat10;cat9;cat7;cat4
http://localhost/images/f440c163-de04-4a64-be80-e7f3b400bdb9;1901;cat2;cat10;cat3;cat1
http://localhost/images/e0e315ba-5378-42a6-aabe-8078c69170e8;2859;cat1;cat7;cat4;cat8;cat6;cat3;cat10;cat9;cat2
http://localhost/images/ce36e8cd-a65d-48bd-843e-dd5127b374f3;1443;cat5;cat9;cat8;cat3;cat4;cat7;cat2
http://localhost/images/39066e94-ae81-45a9-a02d-051fa7daceda;1952;cat7;cat8
http://localhost/images/f3c934f8-8ecd-4883-8244-bc9920e0cf21;2018;cat3;cat6;cat7;cat8;cat2;cat9;cat5;cat1
http://localhost/images/ca32567f-06f1-486b-9d6c-be8f2fd4089c;1266;cat10;cat9;cat6;cat2
http://localhost/images/8c2ccbd8-c960-4348-a021-d4d46a01229f;106;cat6;cat8;cat3;cat5;cat9
http://localhost/images/cd38d171-532c-4d34-8fd8-95db7e7030e0;1983;cat6;cat10;cat9;cat8;cat7;cat5
http://localhost/images/7a74255f-9386-4557-b364-3830a06d02b1;1832;cat10;cat3;cat8;cat1
http://localhost/images/a47459b9-ad57-4608-bc08-629ab5e13e44;2002;cat7;cat6;cat4;cat2;cat9;cat3;cat5
http://localhost/images/2c29652e-8d83-45e2-a09f-bdf6f45fd0ad;1518;cat8;cat5;cat7;cat2;cat3;cat10
http://localhost/images/8f54c53c-1ae5-4020-87db-658d1bd6447b;615;cat3;cat1;cat9;cat6;cat8;cat7;cat10;cat4
http://localhost/images/9ba1e59e-8826-43dc-aab8-b8cc88b9479f;2674;cat2;cat5;cat4;cat6;cat3;cat9;cat10
http://localhost/images/79057889-dbcb-4611-87ae-c37120f7a828;1153;cat9;cat10;cat2;cat3;cat7;cat8;cat4
http://localhost/images/ce2f5903-6dc7-496e-af4b-e56bf7da6f89;1888;cat1;cat2;cat5
http://localhost/images/1d40cb55-65cd-4ebd-b652-aeb3b3255dc8;2756;cat2;cat5;cat7;cat3;cat1;cat4
http://localhost/images/5f0a4cbe-9b83-4548-bc58-0f7f30320130;477;cat10;cat5;cat8;cat2
http://localhost/images/86c72bd8-5281-4dca-a8e8-f11b4f80c061;411;cat5;cat8
http://localhost/images/01f0e427-9b15-4e40-b5ac-b0c0554a1b36;1122;cat4;cat5;cat2;cat7;cat6
http://localhost/images/f3f40f37-92da-4a72-b46a-a8375bd21d86;147;cat1;cat2
http://localhost/images/5381c6e2-2e37-463d-8e7f-b7d6b954d115;2365;cat7;cat1;cat9;cat6;cat10;cat8;cat5;cat4
http://localhost/images/d05bdb3a-b932-4693-aae3-5f9b201cd647;2077;cat9
http://localhost/images/d3e1f9be-6baf-461b-bf3b-73b56a2c4e07;1110;cat5;cat6;cat10;cat1
http://localhost/images/fdd525d3-bd49-4d31-958e-bc9c4188b93d;270;cat7;cat1;cat3;cat8;cat10
http://localhost/images/3832476a-d551-4479-ae2a-402d9390f841;1605;cat6;cat3;cat1
http://localhost/images/c03aca6f-9983-42d9-9988-d8bbdcfc5c1a;2695;cat10;cat3;cat4;cat1;cat6;cat2
http://localhost/images/9dc6be93-1a46-4313-a11a-9b0010596a36;690;cat5;cat1;cat2
http://localhost/images/f5e1e537-8a9d-4dbc-9ae4-99301649f65d;2052;cat6;cat5
http://localhost/images/cf474c1a-49e4-4170-874c-cdbadbe4fab4;1476;cat5;cat3
http://localhost/images/be1668e5-d06f-4e69-9d5a-e32ec8a154e9;1542;cat1;cat8;cat4
http://localhost/images/6b8b80fe-10c6-48d9-933a-f2d8f8e4c429;2129;cat3;cat1;cat5
http://localhost/images/6d065ae0-df7e-4d42-8e68-5c4f5c627383;2843;cat6;cat1;cat4;cat8;cat3
http://localhost/images/f0e181a9-9ca5-4f1b-86fb-801f6803aac1;281;cat2;cat7;cat3;cat8;cat5
http://localhost/images/04e0ec89-bee4-4420-8845-e64d3d1814da;2613;cat5;cat8;cat1;cat10;cat4;cat2
http://localhost/images/7db10a8b-6189-4a5a-aae3-c75f2b1a18e6;1502;cat2;cat7;cat5;cat4;cat8;cat9;cat3
http://localhost/images/a0fdc804-b061-4634-826e-e7c4268e19d7;979;cat9;cat2;cat10;cat6
http://localhost/images/4432c767-6601-4da9-90ef-701fd8f473b0;1577;cat9;cat8;cat6;cat10;cat3;cat2;cat1
http://localhost/images/60b317eb-91dc-4c22-8f01-574eb9d1c70c;842;cat7;cat6;cat2
http://localhost/images/79597e52-23ce-4c7e-befd-3ab7763332a7;1103;cat7;cat4;cat9;cat1;cat3;cat5
http://localhost/images/ad3bc4ab-2376-40ba-83b4-470f30ae2a9b;2516;cat6;cat4;cat10;cat8
http://localhost/images/23a94fec-3a6f-4de4-876c-17e6707ef045;2585;cat5;cat1;cat9;cat2
http://localhost/images/17691e8c-c6b3-4fc5-b9a3-1f516697f63f;2626;cat4;cat5;cat1;cat7;cat8
http://localhost/images/cf9e0500-93ed-496c-9476-bf4be710f282;270;cat8;cat5
http://localhost/images/a06caf48-2efb-4849-ae9c-1fbb751863f5;2198;cat9
http://localhost/images/2d0dc592-f22b-4ac0-b22c-534020159794;944;cat1;cat8;cat9;cat3;cat6;cat2;cat7;cat10
http://localhost/images/4caa4acd-9ae4-4ffb-a7b8-de62fb6435fb;2912;cat10;cat4;cat1;cat2;cat6
http://localhost/images/096643ff-ed9e-4cd4-95d7-5b511b66d1ed;560;cat2;cat1;cat3;cat8;cat4
http://localhost/images/dffce4e0-c989-48b7-8f3a-9841bfd6317c;1157;cat9;cat5;cat7;cat8;cat10;cat2;cat4
http://localhost/images/e3d4d1ab-20af-43e6-8206-76d25038dfbe;1248;cat3
http://localhost/images/1f047a54-ac89-422c-8f27-17b363a2d4cf;634;cat3
http://localhost/images/5e346c0e-8acf-4236-9815-6d2424b6a80a;746;cat7;cat8
http://localhost/images/63dc838b-3fe0-40f9-8b3d-5aafb8cff9a9;675;cat5;cat8;cat7
http://localhost/images/48a1e76f-b76e-4f7c-8818-b6d29c9cbe25;2843;cat8;cat9
http://localhost/images/b0fb0bd5-7102-46ae-96ef-1f7811eb7e9d;2754;cat1;cat9;cat5;cat3;cat7;cat4;cat8;cat6
http://localhost/images/dbfd35cf-43fb-48a8-8b97-d1fa288803cc;404;cat8;cat1;cat10;cat5;cat2;cat3;cat6;cat9
http://localhost/images/ff74cc29-86e9-461b-9f63-4ce4194c4c4d;1892;cat6;cat4;cat2;cat7;cat3;cat5;cat10
http://localhost/images/014f5dd6-5737-43a2-aa37-b24736850c22;2911;cat1
http://localhost/images/f5e7bef6-20a3-40f1-a724-e175eecf0d80;1593;cat8;cat3;cat7;cat1;cat6;cat4;cat2;cat9;cat5
http://localhost/images/47476b24-597a-49fd-8bd8-8e7197c6a701;229;cat9;cat8;cat2;cat10;cat3;cat5;cat7;cat6;cat4
http://localhost/images/b804415a-b579-40ad-84cd-9a09e61a7c8d;2501;cat5;cat3;cat4;cat2
http://localhost/images/dd49f1df-d7ae-4042-8416-9266d5d4cd7d;216;cat4;cat10;cat6;cat7;cat3;cat1;cat2;cat9
http://localhost/images/9bc8112e-bddf-4f2d-9dd5-72e38e36157c;123;cat3
http://localhost/images/4a6d3373-6202-4b98-be6c-6842d86ffc9b;1315;cat2;cat3;cat9;cat6;cat4;cat7;cat5;cat8;cat1
http://localhost/images/41e6edda-d46c-4f5e-b971-7de7c7bc4837;1221;cat7;cat10;cat6;cat9;cat3;cat1;cat8;cat5
http://localhost/images/08462dcf-7317-416b-8d03-f1bac5426052;1972;cat4;cat9;cat6;cat1;cat5;cat7;cat3;cat2
http://localhost/images/67528c2d-960b-468f-8ebe-0a2a27b3f021;2659;cat10;cat6;cat8;cat1;cat5
http://localhost/images/4679a4f3-ba59-438f-832b-f04997e7346b;172;cat8;cat5;cat10;cat1;cat4;cat9;cat2
http://localhost/images/ebbdbc65-7a54-429c-8579-3455365e832e;1710;cat2;cat9;cat6;cat10;cat4;cat1;cat8;cat3
http://localhost/images/125e3bfd-a6fa-4d48-b592-c1ef5d50f03c;1945;cat10;cat5;cat9;cat7;cat8;cat4;cat1;cat2;cat6
http://localhost/images/67e7ee8c-ea09-4b20-afbc-34a40f61a413;2516;cat4
http://localhost/images/d4940fd8-91c9-4d47-a683-35c1417aa26e;868;cat8;cat4;cat9;cat3;cat7;cat10;cat5;cat1
http://localhost/images/a3a88b15-18d9-4962-96aa-078f0423fd8b;845;cat9;cat6;cat2
http://localhost/images/36a3751d-44cf-4e73-8e24-5ee0e3a2a959;2001;cat10
http://localhost/images/81eb078d-d177-4eb0-9835-537fe30f4d08;1982;cat10;cat7;cat1;cat6;cat9;cat4;cat8
http://localhost/images/55bb43d1-7e35-4b52-9a0b-aa619e70a3a4;2276;cat6;cat1;cat4;cat8;cat9;cat3;cat2;cat10
http://localhost/images/075f339d-4a6b-4b21-b01e-5fd9004f9c17;1499;cat8
http://localhost/images/94f5a00d-9923-4416-966c-d3b73518911b;1072;cat5;cat10;cat2;cat4;cat8;cat6;cat9
http://localhost/images/5a5beebc-1a6a-4994-ab82-76a60496bff9;1287;cat10;cat3;cat4;cat8
http://localhost/images/66e00f70-760a-43ab-a146-e5b5aa9d6cb8;2079;cat8;cat7;cat6
http://localhost/images/ad6e7840-a7ae-4301-b922-53cc2ea66dd1;600;cat5;cat8;cat6;cat7;cat4;cat2;cat9;cat1;cat3
http://localhost/images/ad44f27a-a191-4e50-9570-98af4b154814;1026;cat8;cat3
http://localhost/images/79e68bad-8a92-465c-8797-f540b2b6a04f;1964;cat2;cat1;cat5;cat8;cat7;cat10;cat3;cat6
http://localhost/images/cde6c392-171d-421d-9e01-3739266d5202;2639;cat2;cat7;cat9;cat5;cat6;cat1;cat3
http://localhost/images/66b59158-cda0-45d3-848f-5ca9a699195f;2806;cat9;cat4;cat1;cat10;cat6;cat2;cat3;cat7
http://localhost/images/d995904c-e5d6-4909-9cda-b870c82b5314;1653;cat4;cat2;cat7;cat3
http://localhost/images/4d8cb945-5ac0-4a03-9dca-39102e90361d;2802;cat3;cat6;cat10;cat2;cat9;cat7;cat8;cat1;cat5
http://localhost/images/04af7b3f-acec-447f-9362-49ee90654a9f;949;cat4;cat2;cat8;cat3;cat6;cat10;cat9;cat1;cat5
http://localhost/images/cb1b0764-d3b6-4e16-9459-77ebe1f9b17c;2731;cat2;cat1;cat10;cat6;cat5;cat7;cat3;cat4;cat8
http://localhost/images/08ffd368-c97c-41d4-a780-e12802856864;1880;cat6;cat7
http://localhost/images/ea9bc9ed-dabc-44fa-bf37-8f7fe354f3c6;166;cat3;cat10;cat1;cat6;cat4;cat2;cat9;cat8;cat5
http://localhost/images/95209d24-207f-45f8-806a-3454c1f3edc8;1894;cat1;cat2;cat7;cat8;cat5
http://localhost/images/95d29346-6e4c-432e-a352-1f5008955278;2834;cat6;cat10;cat1;cat8
http://localhost/images/ce26feb5-2c3c-4816-99fc-4c69cf39ef66;1160;cat1;cat6;cat7
http://localhost/images/315de75b-a76e-499c-8a4c-0dd58a4d122e;703;cat5;cat2;cat7
http://localhost/images/8ee4b5e6-85d3-49b6-9dbc-ef3b5a745dbe;2466;cat5;cat4;cat7;cat6;cat9;cat2;cat3;cat1
http://localhost/images/cde5d5e1-b6d7-4f8a-95b2-cfd8b77f66c8;2104;cat1;cat6;cat4;cat9;cat8;cat10
http://localhost/images/64331b7b-9902-4362-ba24-31e71470854d;1004;cat7
http://localhost/images/980e7d96-6588-49e1-9c7f-ceb1d358fd73;2436;cat2;cat6;cat4;cat5;cat8;cat10;cat3
http://localhost/images/9cbbeae4-2924-4774-ae38-d4a4443b3a1e;461;cat1
http://localhost/images/80cba195-fc2f-4bc0-a01a-e358505f2f31;2970;cat7;cat1;cat4;cat8
http://localhost/images/281bcebd-adb5-4dda-b75f-8792cd9dc15d;116;cat1;cat6;cat4;cat8
http://localhost/images/6a2cd1b5-78a8-43fb-b3b9-350969e3ebe0;455;cat7;cat4
http://localhost/images/c4286db2-aa1b-4ea4-80b1-4a30d78cb4c5;1627;cat3;cat1;cat5;cat6;cat9;cat8;cat2;cat10
http://localhost/images/b4d241cd-502e-4e78-b99f-b9fe7e3c437c;1092;cat3;cat4;cat10;cat8;cat6;cat9
http://localhost/images/3865b857-a4cc-434f-aa1f-6157ee977e3f;1016;cat6;cat8;cat1
http://localhost/images/c4016951-cebd-40c2-8d0c-f02f9eaac8d6;991;cat1;cat2;cat7;cat3;cat8;cat10;cat4;cat5;cat9
http://localhost/images/47f34a2f-ad33-429f-9d7c-2fca24b4f6e0;2279;cat2
http://localhost/images/f7ef78e1-05b0-4bf9-839d-7470ac410d26;2573;cat4;cat3;cat1;cat7
http://localhost/images/97e85c21-72a8-45fe-b27f-636b166eec53;179;cat3
http://localhost/images/ed841484-1633-49a9-b865-d6ef08b059bb;974;cat2
http://localhost/images/968b9741-c5de-4aee-8c53-b1011367eb2e;1971;cat3;cat1
http://localhost/images/b08912d4-ad23-47ef-88e3-38e5730a8a08;1551;cat10;cat6;cat8;cat5;cat3;cat4
http://localhost/images/63e4c60f-2327-4013-bace-bb02ef3dda4b;404;cat7;cat5;cat6;cat1
http://localhost/images/9b8caf81-02d0-4004-be7e-2f80cec88e6d;2553;cat4;cat6;cat1;cat5
http://localhost/images/8ed44a7e-30d9-44b1-8228-f9b80e1fb5de;735;cat9;cat2;cat1;cat7;cat4;cat6;cat8;cat3;cat10
http://localhost/images/4aa3f236-3839-4c76-a87a-9a5a6e9fd22f;2243;cat4;cat1;cat6;cat3
http://localhost/images/9e5812c4-14d2-4d5a-9bd8-c750fa96a0d8;1224;cat3;cat4;cat2
http://localhost/images/3b36c7ca-5086-4e5f-8126-34129d326ea5;2257;cat2;cat4;cat3;cat5;cat6;cat8;cat9;cat10
http://localhost/images/14f0e4d1-cb9d-45a5-896b-517e4d33a795;699;cat9;cat2;cat1;cat5;cat10;cat6;cat8;cat7;cat4
http://localhost/images/54881180-c954-4ed3-be06-139e3d39cbc6;2385;cat4;cat10;cat8;cat9
http://localhost/images/eb326b5e-4a38-4343-a47e-25c889348497;1915;cat2;cat10;cat3
http://localhost/images/21fae929-2937-4977-b6d0-a64705a84aff;2454;cat9
http://localhost/images/d673b6ba-61c2-42b6-bfac-d1ec1b25176e;1637;cat3;cat1;cat7;cat4
http://localhost/images/2ec4fe5e-8160-4780-a299-e388f15e6cf4;2402;cat2
http://localhost/images/7366004b-c517-46b1-84de-dfe848665ed5;280;cat9;cat6;cat3;cat7;cat4;cat10;cat1
http://localhost/images/800ac4f6-4e48-45b6-bd09-76547026eec7;2266;cat2;cat8;cat7;cat6;cat1
http://localhost/images/8edfa1e8-bc8e-482b-a50d-be67252da39e;1781;cat7;cat8;cat9;cat10;cat6;cat1;cat2
http://localhost/images/c3cd6639-cff7-4590-bf61-a2317a4b95da;124;cat3;cat5;cat7
http://localhost/images/288cc3c6-cdac-4f0c-a05f-59ab404c3055;1864;cat2;cat9
http://localhost/images/8c25fb85-e0b0-4b64-bd1b-da318f481460;2292;cat2;cat10;cat6;cat5;cat7;cat3;cat9;cat4;cat1
http://localhost/images/4283b2e2-8842-45e2-8bf5-5ff80022dfd9;379;cat8;cat3;cat2;cat5;cat1;cat9;cat7
http://localhost/images/7457b654-6b3f-4b02-8421-6be5e98bdebc;1200;cat1;cat10;cat8;cat3
http://localhost/images/716a9f5d-9018-4ad7-817f-eae2f7abc6cd;1990;cat6;cat4;cat8;cat1;cat5;cat2;cat10;cat9
http://localhost/images/2889f7c5-57ad-4e7f-994b-ded804c11798;1947;cat10;cat2
http://localhost/images/afa701e1-e09f-49e0-9b8c-9e53d6832bff;1895;cat6
http://localhost/images/4fc20649-23ba-493f-a935-88372f235826;2562;cat5
http://localhost/images/13cb540f-7f45-45e6-b264-b0600ee29a14;1752;cat10
http://localhost/images/01c799e3-a6f0-450f-a9ca-1092009253e3;1353;cat1;cat7
http://localhost/images/475688f0-b6dd-4817-b477-652b0e7af654;553;cat8;cat10;cat4;cat2;cat1;cat3
http://localhost/images/1aedcf70-54f3-42d6-b0d5-408bb7b2f67e;2095;cat9;cat2
http://localhost/images/5e3ece93-468f-4e4a-831d-f2ec2894d760;1974;cat6
http://localhost/images/ae63e84d-a21d-4a33-ad34-34061eca9390;2538;cat9;cat1;cat5;cat4;cat10;cat3
http://localhost/images/3d89d136-7dce-42a8-aa38-3ddc866f9d58;409;cat8;cat1;cat2
http://localhost/images/3a28f11f-1e1b-4095-a3ea-9ac379fa0dac;2642;cat5;cat7;cat6;cat8;cat2;cat3
http://localhost/images/60517492-70a2-464f-9ef1-7d1513b0d38e;1156;cat8;cat10;cat1
http://localhost/images/a37b2e08-3c1e-43a9-840f-ba869f3f37c4;2475;cat2;cat1;cat8;cat4;cat5;cat9;cat3;cat6;cat10
http://localhost/images/c17151ab-09a2-413c-be9c-9c93f0870241;1817;cat5;cat8;cat3;cat9
http://localhost/images/8f10da44-c30f-4c3b-9973-c5e4f7323e18;2594;cat4;cat8;cat2;cat7
http://localhost/images/5cbb0e24-00ad-4318-92cb-4a11bb01131b;2575;cat10;cat7;cat5;cat3;cat4;cat1;cat9;cat8
http://localhost/images/1c0da237-afef-4386-8bef-d38da857cf9b;2818;cat9;cat2;cat8;cat5;cat1;cat4;cat3;cat10
http://localhost/images/43e4e415-f150-4a6f-b8ba-aded03e0ec39;2845;cat3;cat10;cat6;cat4;cat8;cat1;cat7;cat9;cat2
http://localhost/images/a136c4b8-bf3b-4bbf-b73c-1361320452c4;124;cat10;cat6;cat5;cat1;cat9;cat2;cat8
http://localhost/images/12e47848-731e-461e-b02e-737e80f551a5;2653;cat5;cat6;cat1;cat10;cat8;cat4;cat7;cat9;cat2
http://localhost/images/422fe6b5-86dc-4a91-a9c9-83044545ee95;734;cat2
http://localhost/images/a63453bd-b8de-4eae-9659-d2a846320bf3;1055;cat8;cat9;cat10;cat7;cat3;cat2;cat5;cat6
http://localhost/images/4bf6462c-a2a2-436c-b573-8fa590c08530;368;cat4;cat8;cat5;cat9
http://localhost/images/3e458f91-a473-4c22-b44e-02042bb32b92;949;cat3;cat1
http://localhost/images/e0a515e0-f4e2-44af-9657-6a20e374d098;1859;cat7;cat5;cat4;cat8;cat3;cat6;cat9;cat2
http://localhost/images/e7ade919-ea8c-4af0-9515-b08bf8d6bb1c;2781;cat8;cat1
http://localhost/images/3bc1279b-948b-4300-8d4b-af80a7c14d1f;2853;cat4;cat6
http://localhost/images/d2bd1a84-59ca-4fbf-9f9d-06e51b931d3a;881;cat1;cat6;cat5;cat2;cat3
http://localhost/images/1064e5ae-ff61-4c2d-b1dd-6b534497c61a;188;cat6;cat2;cat8;cat9;cat5;cat1;cat7;cat4;cat3
http://localhost/images/b4403697-a3f0-4c5d-aabc-f9d88c94a144;2738;cat10;cat4;cat6;cat7;cat1;cat5
http://localhost/images/ef67a513-79b6-4ea8-9484-7b23191207dd;2216;cat1;cat10;cat4;cat8;cat7;cat9;cat2;cat5;cat6
http://localhost/images/5334bc8b-321d-4f27-a44e-c720357ed517;1201;cat6;cat3;cat4
http://localhost/images/4f531f7d-9ab6-49cb-9873-b36b9efa8234;665;cat1;cat4;cat10;cat2;cat3
http://localhost/images/496eef4e-aa50-455e-bc12-57db4cfd326d;654;cat8;cat2;cat3;cat5
http://localhost/images/f06998d7-1c64-4bfc-ab39-9cad5ec02212;801;cat5;cat1;cat8;cat4;cat3
http://localhost/images/58d3dce7-ae90-4546-94ae-09f002035108;2785;cat6;cat7;cat4
http://localhost/images/760a0660-67b3-4bd2-91a3-487393335f6d;2734;cat8;cat7;cat10;cat1;cat5;cat6
http://localhost/images/e1062640-040b-4157-954b-7b30defd899f;616;cat3;cat2;cat5;cat4;cat10
http://localhost/images/694186bc-2c05-4087-a931-3edc47a3d633;797;cat9;cat7;cat6;cat3
http://localhost/images/3a278e00-f200-4eb2-8ad9-6db400d6b1c6;2386;cat1;cat3;cat9
http://localhost/images/210fd7da-c55b-4caf-b86e-6d2818e1a6b5;2482;cat6;cat4;cat3;cat1;cat7;cat2;cat9;cat5;cat8
http://localhost/images/34d1221b-5d1c-4f96-9e27-2d5552749695;2700;cat3;cat7;cat2;cat8;cat9;cat5;cat6;cat10
http://localhost/images/1ce4e560-4bfa-48cd-8aff-8fcf4eed9c5d;147;cat1;cat3;cat8;cat5
http://localhost/images/76747838-3680-4ab9-b8a6-9a08fa900365;2983;cat2;cat9;cat8;cat5;cat6;cat3
http://localhost/images/93dcb41e-343b-4964-a986-62fbef071268;2383;cat1;cat10;cat7;cat6;cat8;cat5;cat4
http://localhost/images/b903b126-8457-42e6-a5ca-bcbb91136d86;1135;cat9;cat5;cat1;cat8;cat10;cat4;cat3
http://localhost/images/b94d6edd-3105-4c86-b0f5-65cb509ee438;583;cat1;cat7
http://localhost/images/bd6f8bc6-3e77-4a40-bda6-01d629ca6b1c;2036;cat4;cat10
http://localhost/images/662d207a-2425-4808-b34f-1904a74fd89d;2241;cat7;cat8;cat4;cat10;cat3;cat6;cat1
http://localhost/images/3144ccea-30b2-4457-96b0-11e72c760ad0;1995;cat7;cat2;cat9;cat3;cat4;cat5;cat8;cat10
http://localhost/images/28490f5e-e4ff-4437-9fff-2ab4a9d18022;2179;cat6;cat4;cat1;cat5;cat9;cat10;cat7;cat8;cat2
http://localhost/images/621f63da-8dfc-4779-9dcd-795e8a297a38;877;cat2;cat8;cat7;cat1;cat5;cat10;cat3;cat6;cat9
http://localhost/images/adbff927-a5c7-4c96-8dfd-283ea4d45b0d;1289;cat10;cat4;cat8;cat3
http://localhost/images/8b4e2f56-9953-4c9c-b9f9-3f2ae0f3a00d;2968;cat8;cat10;cat4;cat9;cat3;cat6;cat5;cat2
http://localhost/images/47ca3385-7c29-440e-a09e-740c9f908f41;2858;cat2;cat9
http://localhost/images/7de3b07f-573d-45b0-ab6d-854b0e60d1d3;2545;cat9;cat10
http://localhost/images/8c672240-4b1a-4e02-975d-68c61527d041;1121;cat8;cat9;cat10;cat3;cat6
http://localhost/images/0f3f6bd9-2dfc-441f-8ac2-f8baf3988c07;1436;cat8;cat1;cat5;cat9;cat10;cat7;cat6;cat3
http://localhost/images/65fe6409-510a-444a-8766-65e136cfbd43;1391;cat7;cat5;cat3;cat2
http://localhost/images/32305e93-a4d6-41c3-93b9-329b7f964110;1042;cat10
http://localhost/images/6992cd82-cf08-4912-aadb-0d0c859f8495;1023;cat1;cat3;cat7;cat4;cat8;cat5;cat6;cat10
http://localhost/images/d6db75e0-4ea3-4b81-b299-040913f1ceb1;2846;cat4;cat7;cat1;cat5;cat10;cat6
http://localhost/images/e4a3550f-9851-44a4-acdd-d180d3ea4576;911;cat6;cat5;cat2;cat10;cat1;cat4;cat7
http://localhost/images/55281851-2c0f-489c-8a2d-99b46fc48a11;1523;cat5;cat3;cat4;cat2;cat6;cat7;cat9;cat8;cat10
http://localhost/images/d1ce4a84-7cd7-48ac-82e7-023b05f728f9;2260;cat5;cat2;cat8;cat3;cat1
http://localhost/images/26bb5898-ec51-4335-91b7-f88594f67da4;520;cat3;cat5;cat2;cat8
http://localhost/images/b5165871-f2e1-48b5-bb6d-52dcfa201ef6;1178;cat5;cat4;cat10;cat2;cat3
http://localhost/images/b7bf6a0c-9732-43dc-9f02-b2e08ed943c2;504;cat6;cat2;cat4;cat10;cat3;cat9;cat5;cat7;cat8
http://localhost/images/6cd54e32-9c50-40be-bdd1-0086ac39f153;2926;cat8;cat4;cat3;cat1
http://localhost/images/dd1bfcdd-117d-45c4-b999-aed364a0aca8;559;cat8;cat1;cat2;cat6;cat3
http://localhost/images/f1191ac0-b453-4edf-a69d-f7246beb23d6;268;cat9;cat5;cat10;cat4;cat1;cat6
http://localhost/images/7c83ffcb-7cea-4f73-a5ac-93d5b234c25a;1464;cat4;cat3;cat1;cat6
http://localhost/images/0fc24d5a-11b5-4be0-875a-cb9bdab28b71;640;cat2;cat4;cat7;cat1;cat10;cat5;cat9;cat3
http://localhost/images/67c6a672-5607-48db-8bdd-deb242148d32;457;cat8;cat10;cat9;cat7;cat3;cat1;cat5;cat2
http://localhost/images/760f48f1-bb60-44bf-b11b-24f14fb919c2;1352;cat10;cat9;cat7;cat2;cat8;cat1;cat4;cat6;cat5
http://localhost/images/62f9c153-a086-41dd-9bac-bcf78ccf4b32;1773;cat10;cat5;cat9;cat8;cat4;cat7;cat6;cat3
http://localhost/images/68124f9e-d0f2-47c6-a405-e29bfd05b9b3;2174;cat10;cat5;cat7;cat9;cat1;cat2;cat6
http://localhost/images/fdc4ce2e-e6bc-4e52-9be2-dec358c32278;1474;cat9;cat2;cat5;cat3;cat4;cat10;cat6
http://localhost/images/2aacc545-a218-4aa6-9c41-c3c7c56b8ccf;1636;cat6;cat2;cat7
http://localhost/images/c98f96b7-9614-48bc-9d59-d14ba0d37576;2747;cat9
http://localhost/images/e4ffdb7e-f355-4412-8f59-be5df3480933;1598;cat6;cat4;cat2;cat10;cat3;cat9;cat1;cat7
http://localhost/images/518d38a6-e90f-442f-b24b-26b5f0de8d69;600;cat5;cat4
http://localhost/images/9117a8b7-9198-4861-9cb2-1cd528fb91f9;2207;cat1;cat10;cat7;cat8;cat3;cat2
http://localhost/images/0e3a17a0-cfb7-42c0-bf76-54c96eea84bd;1190;cat10;cat2;cat4;cat9
http://localhost/images/41088f1c-37fa-45ee-8385-8a5fba1ac6ff;779;cat5
http://localhost/images/0169724b-1988-4b55-8dff-ca467c11b26c;1097;cat10;cat6;cat3;cat7;cat2;cat4;cat8;cat1
http://localhost/images/65c39880-d4a3-44cd-8f74-1a11ef15ad59;2729;cat4;cat3;cat10;cat8
http://localhost/images/aa160df2-d6d6-4401-b859-6dd935ec8ff5;290;cat7;cat2;cat10;cat8;cat6;cat1;cat4;cat5
http://localhost/images/58ce952f-43ea-494b-81b1-2234253b5103;1046;cat7;cat9;cat8;cat3;cat10
http://localhost/images/3f43a226-6a90-46d9-b3a1-fcb0e474bbe0;2720;cat4;cat2;cat7;cat6;cat1;cat3;cat8;cat5
http://localhost/images/84610a56-65e6-4a87-8652-e6d566b9fadf;2426;cat8;cat3;cat5;cat10;cat9;cat1;cat4;cat2;cat7
http://localhost/images/320c41d9-d858-46f7-ab81-bf8779df3dca;664;cat1;cat9;cat3;cat5;cat8;cat6;cat10;cat7
http://localhost/images/9a779887-aac3-46a2-b187-07961c00ae26;179;cat1;cat6;cat9;cat4
http://localhost/images/42112acd-017e-4617-a5a7-96d14c6d9837;934;cat3;cat1
http://localhost/images/b768bfb2-ec4b-4836-8070-e6a6abca18cc;2369;cat4;cat9;cat8
http://localhost/images/0e34b3a9-2e77-4417-bfdf-9f8e4ba8bf55;1130;cat7;cat2
http://localhost/images/de9ff4ce-709c-4813-ac8b-f889fe630c55;1882;cat7;cat3;cat1;cat10;cat6;cat5;cat8;cat9
http://localhost/images/678e83a3-2b3e-4853-bdc2-1ac8332eb1fa;689;cat2;cat1
http://localhost/images/735a0005-9ce7-4cf4-a48a-528f59bc7952;2189;cat4;cat7;cat1;cat5;cat3;cat2;cat8;cat9;cat6
http://localhost/images/73ca8fb7-fabe-4b27-82b7-200434ed8864;2522;cat8
http://localhost/images/2c1c4354-8a3b-491d-8d51-4bf103c07234;2827;cat4
http://localhost/images/530c833e-f13a-4d8e-8ee1-7e4207cdffdd;205;cat6;cat10;cat2;cat4
http://localhost/images/4a91d762-cf78-44dd-8758-ce66bbd6ac1a;1171;cat1
http://localhost/images/ceb44b60-3f0d-4e7c-8669-e9801a0d9cb1;1995;cat10;cat2;cat8
http://localhost/images/53069190-8ce6-4f66-a5da-d196a17220f5;2762;cat5
http://localhost/images/beee6ac2-1482-4560-b5ae-06307f1e36ea;1673;cat5;cat4;cat3;cat7;cat2
http://localhost/images/4b16a36d-4a94-45c3-87cf-9405e89281a3;1285;cat3;cat9;cat10;cat6
http://localhost/images/4ac41e4b-8bfb-41a2-8e57-2aa1ac64cf8b;463;cat8;cat10;cat1;cat6;cat2;cat9;cat3
http://localhost/images/3b56cba3-7563-4c2f-aeb9-37c15a62852f;2263;cat4;cat1;cat6;cat7;cat5;cat2;cat8;cat3
http://localhost/images/3c3394a3-3bea-40ea-9f23-276dbedbe42a;429;cat4;cat1
http://localhost/images/c1b887ab-2654-4cb8-a772-a6efbbcd1795;468;cat2;cat7;cat6;cat4;cat3;cat8
http://localhost/images/9e67995c-4531-4873-8f65-5354f6aa7bb5;1245;cat6;cat10;cat5;cat7;cat2
http://localhost/images/74b494ae-fb48-4a26-a089-620e8887242a;2892;cat7;cat1;cat3;cat6;cat10;cat9;cat5
http://localhost/images/3f924ab2-6122-4d6b-8a56-4cae9df0b480;2771;cat2;cat7;cat10
http://localhost/images/fcc22cd8-da69-4c72-bd29-6138cceed91b;485;cat10
http://localhost/images/42be016d-dc3a-4466-b3e9-50e76bddc68d;634;cat3
http://localhost/images/6a18f480-6775-496d-b698-d4fd9e7444c1;1631;cat9;cat2;cat5;cat10
http://localhost/images/a6cce5ac-bcd8-4bfc-9538-140f4cb0385e;478;cat6;cat7;cat9;cat8;cat4;cat5;cat1;cat10;cat3
http://localhost/images/af81208e-8e48-4276-aacd-463fa1026618;889;cat7;cat2;cat1;cat6;cat4
http://localhost/images/867a11c9-5ae0-4564-83a0-603f19bf50f2;2858;cat3;cat7;cat4;cat5;cat6;cat10;cat2;cat1;cat8
http://localhost/images/b6def087-7b30-42cf-8524-cb0fef744d00;1925;cat4;cat9;cat1;cat3;cat8;cat7;cat10;cat6
http://localhost/images/be9d9033-e45f-4a03-9338-2fcef5260a10;1957;cat7;cat2;cat8;cat9;cat4;cat6;cat3;cat5;cat1
http://localhost/images/057f3753-b34d-44ec-8dd2-133b62ba7c92;2902;cat4;cat8;cat2;cat5
http://localhost/images/ef445b31-800d-42d0-8b63-c00b5c2d2697;2465;cat5;cat9
http://localhost/images/eb362075-1d5c-4ca4-ba65-3a2e44fe1c82;1218;cat7;cat4;cat1;cat10;cat5
http://localhost/images/b37db562-6a14-4496-8889-98bc6dfa639e;1442;cat2;cat3;cat5
http://localhost/images/c750d957-51b6-45c4-be70-51941478e081;968;cat1;cat3;cat10
http://localhost/images/d4d213ec-5880-4147-878a-5d439452a0cf;2577;cat3;cat1;cat4;cat5;cat7;cat9;cat6;cat10;cat8
http://localhost/images/24212b87-c357-4c7d-91dd-53b291a601ec;1854;cat3;cat5;cat4;cat9;cat8
http://localhost/images/c4b10225-feac-4857-bc11-96aba0d02a1c;1491;cat6;cat8;cat1;cat3;cat10;cat9;cat5;cat4;cat2
http://localhost/images/f479b657-1d75-43c6-aac2-0f2023d0c3af;678;cat1;cat3;cat6;cat4
http://localhost/images/5acb31b5-6d1c-4f1c-a272-977e3254bcea;2705;cat5;cat1;cat6;cat2;cat7
http://localhost/images/9c88632b-f0e5-4ead-8ab5-3b578f2d3a49;2042;cat9;cat1;cat3
http://localhost/images/7d7338af-1908-412a-bf21-651f8be63700;1605;cat7;cat3;cat4;cat1;cat5;cat8
http://localhost/images/38275b82-8280-48c0-8fd7-a1c72f8ad37c;1009;cat3;cat5;cat10;cat2;cat9;cat7;cat4;cat8;cat6
http://localhost/images/33740878-9d92-49eb-9f77-475bde201924;1296;cat9;cat5;cat1;cat6
http://localhost/images/9741ca79-b613-44f5-b431-27d86741e07e;382;cat10;cat3;cat9;cat6
http://localhost/images/9c7b3145-12b7-4062-ae8f-a3de1746da69;2639;cat1;cat8;cat7;cat3;cat4;cat9
http://localhost/images/005cd236-25ae-48b2-b64a-f16f763c9fff;884;cat6;cat7;cat2;cat4;cat3;cat5;cat10;cat9
http://localhost/images/1a891c7f-d91c-46e9-8d05-3e1657305382;375;cat7
http://localhost/images/771dc9a9-488b-4d6c-aa6f-ece68af78f73;2460;cat4
http://localhost/images/975f6046-108c-42bc-96bf-46382fc691c2;2253;cat5;cat3;cat8;cat10;cat1;cat6;cat2
http://localhost/images/fc24a6d2-3771-4a6d-b50b-bd7ca5b0eb18;316;cat10;cat6
http://localhost/images/68f7fc91-fc5c-429d-abe9-d1cebd3cd663;1535;cat2;cat9;cat3;cat6
http://localhost/images/7e33a13c-c307-4242-9696-1dc6fa572f47;1425;cat8;cat3;cat2;cat6;cat7;cat1;cat10;cat9;cat4
http://localhost/images/a38a0d8a-2fd0-42c2-aac9-1ff5495d8edc;814;cat8;cat5;cat2;cat1
http://localhost/images/04acc3cb-a3d5-474f-81c9-78d352a2adb5;287;cat7;cat4;cat2;cat6;cat10
http://localhost/images/66f7535a-bff3-46f4-8627-03cd9c2b56bf;422;cat9;cat4;cat1;cat10;cat3
http://localhost/images/6604a190-cb40-4bc3-a344-cd823b5389aa;2533;cat4;cat10;cat6;cat1;cat3;cat5;cat2;cat7;cat9
http://localhost/images/7e853617-efb4-473d-804f-4275bffe5474;2045;cat8;cat9;cat2
http://localhost/images/ff99b5c1-bf08-49d5-bc08-a77bc493ead0;1569;cat5;cat6;cat9;cat7;cat4;cat2
http://localhost/images/4872007e-ce94-4963-89ad-8324267059aa;1287;cat5
http://localhost/images/5f1c43ac-629c-4d28-9f48-11ccd3f9aebb;2708;cat8;cat4;cat5;cat9;cat10;cat2;cat6;cat3
http://localhost/images/bd10eb0a-d4e8-4da0-80cd-1960e6ecacb6;1953;cat8;cat1;cat9;cat7;cat2;cat3
http://localhost/images/64e53e47-4237-44ce-81ef-771b65fa6a8c;1230;cat5;cat3;cat10;cat7;cat4;cat9;cat1
http://localhost/images/1cfc744e-5cae-4369-9d95-74fe30b7a338;450;cat6;cat4;cat1;cat5;cat9;cat8;cat7
http://localhost/images/9f7e5876-4645-4b1e-b269-007ca9878de5;2617;cat2;cat5;cat1;cat3;cat6
http://localhost/images/0bf84bea-98e7-4131-9323-db7bedf594ad;1811;cat6;cat8;cat1;cat5
http://localhost/images/6ba55506-bd45-434e-a22d-a15ebf45be26;789;cat2
http://localhost/images/36d263aa-9afe-4301-8af9-bd79e14fb8f2;2924;cat7;cat10
http://localhost/images/2b36149a-4bb8-46b5-8270-5c961b05c23a;1142;cat4;cat3
http://localhost/images/7e43c2c7-c41a-4cd8-937b-bad10da8a009;2725;cat6;cat1;cat3;cat8;cat2;cat9
http://localhost/images/af13dfd9-87cb-4d1a-a03a-23a646105b70;848;cat5;cat6
http://localhost/images/9c3182f3-83a7-4ef0-a80b-74bc272c8e6f;231;cat9;cat2
http://localhost/images/e2c8657b-28db-4743-be06-c2a1a648b48b;2286;cat1;cat5
http://localhost/images/e167bc9c-0d9b-4e0a-ab95-dc1d1d1e45b8;2592;cat8
http://localhost/images/350c1d69-8d21-4a25-93d0-7cdd40d95201;1955;cat5;cat8;cat10;cat1;cat9
http://localhost/images/14024b20-92b8-4a83-bb54-bd9a9bced999;1324;cat1
http://localhost/images/2cda23f3-11bd-44f1-9292-08640c24c0cf;2277;cat7;cat9;cat6
http://localhost/images/ee2c1fc7-924e-4808-9e19-92e2069e4cf1;473;cat10;cat4;cat8;cat3;cat1;cat7;cat2;cat5
http://localhost/images/41eb5275-2ccf-4fce-8f61-5a41197f5530;505;cat10;cat3;cat7;cat8;cat2
http://localhost/images/268b25d0-860b-4e6a-b650-2b27571fda1d;1673;cat7;cat9;cat8;cat6;cat3;cat5;cat2;cat4
http://localhost/images/25929db2-578b-4b0c-85fa-51711db32a0f;2731;cat6
http://localhost/images/0b4b3a0b-a9d6-4538-9ce0-e58041f9f67b;1219;cat10;cat1;cat8;cat6;cat7;cat3;cat5
http://localhost/images/a509a012-0799-46d2-a869-9647c900a106;469;cat7;cat9;cat2;cat10;cat6
http://localhost/images/d92f4018-d4db-4b89-94e2-4e30d975a2f7;2757;cat3;cat8;cat6;cat10;cat1;cat2
http://localhost/images/499057c2-5dcc-44db-a9db-5e945232ad35;451;cat9;cat1
http://localhost/images/3dbe9d3b-ef58-42a2-99bd-809e8274ebd2;1699;cat3;cat10;cat2;cat4;cat7;cat8;cat9;cat6;cat5
http://localhost/images/7fff7aff-1e07-455a-8f25-2fbb9e77e80a;952;cat6;cat10;cat9;cat8
http://localhost/images/1c232a25-4c9a-4e06-9fef-cb1f4aa97522;1481;cat9;cat4;cat10;cat5
http://localhost/images/7a8a902a-b6ad-435c-9472-f52171aad7cf;2313;cat6;cat9;cat7;cat1;cat10;cat3
http://localhost/images/9b654cd3-04ec-41e6-9dac-9d52119a355c;2992;cat1;cat6;cat8
http://localhost/images/582aacf2-0454-4ed8-97ba-39fc6f3fcd3b;180;cat1;cat7;cat4;cat6;cat9;cat2;cat5;cat3
http://localhost/images/876aed96-5bda-4a59-a3a5-930fea80ab97;1981;cat7
http://localhost/images/da5667c2-c159-49a1-835b-953c023e401e;163;cat2;cat8
http://localhost/images/b4b10273-5903-4c92-ae50-d3cade21b158;2763;cat10;cat7;cat2
http://localhost/images/7ca913a6-c4c0-473a-a403-d8905db3be46;982;cat1;cat10;cat5;cat9;cat8;cat2;cat7
http://localhost/images/779907ff-addf-4d14-bf22-36074ae82abd;1014;cat3;cat2;cat1;cat10;cat5;cat4;cat7
http://localhost/images/d088e9b3-9b6e-40d5-9155-c5ea397bf210;1376;cat3;cat8;cat4
http://localhost/images/7c461fb1-e879-4756-8b5d-ec8d81dab5af;2967;cat3;cat8;cat9;cat6
http://localhost/images/fe960cba-afb8-4ec0-9621-fc769009a337;2619;cat4;cat5;cat8;cat9;cat6
http://localhost/images/c0ffc59f-4e24-4ca6-ba7a-12a8105c49ab;1909;cat8;cat1;cat2;cat9;cat4
http://localhost/images/804432ac-397a-4107-8eab-a92e28791c06;882;cat8;cat3;cat2;cat10;cat7;cat4;cat5
http://localhost/images/9af544d1-f1a3-497f-a665-7288c100ecb3;747;cat9;cat1;cat4;cat7
http://localhost/images/3db180fe-b27e-4c30-86e3-7d3836b571e8;1079;cat5;cat7;cat9;cat6;cat1;cat3;cat10
http://localhost/images/a54d2b72-8bf4-4eb1-93e3-099e4ad2bdf7;840;cat5;cat7;cat1;cat9
http://localhost/images/d1d6e174-8e46-4fcf-a435-049ec5135679;2590;cat3;cat6
http://localhost/images/b87b4974-22d5-4579-8f68-eba93d4abd3b;2163;cat2;cat5;cat4;cat9;cat3
http://localhost/images/7165662d-ca24-48c6-a96f-313de51a822b;2931;cat6;cat4
http://localhost/images/2525a834-0939-4c1f-9aef-7d513c6d7bf7;2452;cat2;cat1;cat9;cat5;cat10
http://localhost/images/b0e15bcc-ca06-4ab1-a6d2-a649dccfda7e;512;cat6;cat2;cat8
http://localhost/images/5cdc9120-341d-4d00-a1e1-82d2b5e43329;806;cat2
http://localhost/images/a09fa24d-795b-4ace-bd90-b58860512b0f;1956;cat3;cat4;cat5;cat1;cat8
http://localhost/images/5b466881-3b60-41ed-bc5a-7cefd7d5ad1f;526;cat8
http://localhost/images/08059fbd-3bb4-42aa-bb45-814e96191b9a;1846;cat5;cat1;cat3;cat4;cat9;cat10;cat2
http://localhost/images/691e2729-b9ff-4f81-8cdc-146b45cda677;2020;cat9;cat3;cat1;cat2;cat4
http://localhost/images/c9e7730f-e001-473b-8c4e-fba553923602;1751;cat8;cat6;cat4;cat2;cat10;cat5;cat3
http://localhost/images/ab461d0d-4ead-4b3b-9a4a-cd75f08a89bc;582;cat5;cat8;cat7;cat2;cat6
http://localhost/images/cb5b67af-daaf-40a2-8bb5-d4bdfa42dc14;933;cat10;cat5;cat6;cat7;cat4;cat8;cat3;cat9
http://localhost/images/179405f9-3654-4acb-a38c-20e144e42c06;1255;cat5;cat8
http://localhost/images/6d43e91c-4026-41e8-a1d3-f6e82ae2108e;101;cat9;cat7;cat6;cat10
http://localhost/images/4e38c11d-1df5-453a-b3de-43eafe15b33f;2744;cat6;cat5;cat4;cat3;cat7;cat2
http://localhost/images/3f0185ea-5268-4c86-b411-81c44f507b32;2318;cat1;cat2;cat7;cat10;cat4;cat5;cat8;cat6
http://localhost/images/55c9b562-69d7-48e4-aa20-06841a3bae0a;1480;cat10;cat6;cat3;cat8;cat9;cat2;cat7;cat5
http://localhost/images/71313106-bb61-4940-b5c1-ac34d4de41b6;2963;cat1;cat3;cat4;cat9;cat2;cat7
http://localhost/images/138f401d-8c08-4cc9-8808-60fccc4dfe36;2928;cat4;cat7;cat10;cat3
http://localhost/images/7c4da689-1371-43eb-95fc-e60081eb0478;169;cat5;cat9;cat4
http://localhost/images/2832a245-888c-4d3c-993a-9c8250da5f53;2658;cat8;cat9
http://localhost/images/c6dda9aa-939a-47d5-b219-e05064b164cd;1214;cat3;cat8;cat6;cat7;cat9;cat1;cat2;cat5;cat4
http://localhost/images/00a8870f-a6fc-4a15-943b-1cb171e66851;1357;cat2;cat1;cat9;cat8
http://localhost/images/73280339-2d98-4151-8513-5fa6b91195c1;2807;cat3;cat8;cat1;cat5;cat9;cat4;cat6;cat7;cat10
http://localhost/images/48823565-6b66-4b8d-aca5-f9ff7283f322;2481;cat8;cat3;cat9;cat2;cat7;cat6;cat10
http://localhost/images/8200a3b6-bde4-46fc-b50d-987b21411c06;1126;cat4;cat5
http://localhost/images/96524931-19a3-407c-89fe-80d99999fa20;1535;cat10;cat3;cat9;cat4;cat5
http://localhost/images/5fed38a0-695c-4c88-bc8c-8350d72e678b;1100;cat5;cat7;cat1;cat3;cat8;cat6
http://localhost/images/8060bbe4-b519-4f3f-a5b4-7d51905a4775;143;cat3;cat7;cat8;cat6
http://localhost/images/b9a22c1a-eb39-4e84-aedb-029887cdfcb1;2004;cat5;cat1;cat4
http://localhost/images/617e1324-18f8-4e78-89ad-a6d8c09c974f;1113;cat3;cat5;cat4;cat7
http://localhost/images/02b86c0b-c1cc-491a-833a-f232de6abeba;562;cat4;cat8;cat9;cat6;cat10;cat3;cat5
http://localhost/images/3a66d08a-0257-462a-8418-e131bf2847ee;2878;cat2;cat9;cat6;cat3;cat4
